name,price
Диван Рейли Velvet Mint,34 990
Диван Мона Velvet Coral,29 990
Диван Викс Textile Grafit,21 990
Диван Нумо Velvet Grey,37 990
Диван Хевит Velvet Eclipse,39 990
Диван Лачи Velvet Silver,32 990
Диван Риен Velvet Smoke,49 990
Диван угловой Эдвин Velvet Moss,69 990
Модульный диван Сэндж 3 Textile Light,78 960
Диван Види Textile Ocean,25 990
Диван Риббл-6 Bucle Lilac,51 990
Диван Стаус Velvet Olive,30 990
Диван Лави Velvet Yellow,43 990
Диван Дисент Soft Ginger,98 990
Диван Байма Velvet Beige,69 990
Диван Терм Velvet Smoke,69 990
Диван Виенсо Bucle Sand,79 990
Кушетка Венето Velvet Terra,38 990
Диван угловой Биани-1 Barhat Olive,79 990
Диван Лачи Velvet Yellow,32 990
Модульный диван Brera-4 Bucle Beige,206 970
Диван угловой Мейлон Velvet Terra,49 990
Диван Арклоу Soft Silver,56 990
Диван угловой Майнап Velvet Navy Blue,49 990
Модульный диван Нолан-B 4 Soft Yellow,146 450
Диван Стаус Velvet Blue,30 990
Диван Нумо Мини Textile Light,24 990
Диван Порту Textile Brown,25 990
Диван Кела Мини Velvet Grafit,39 990
Диван Роттердам Velvet Olive,25 990
Диван Данста Textile Night,79 990
Диван Боско-3 Land Yellow,49 990
Диван Нумо Velvet Latte,37 990
Диван угловой Ларонсо Soft Pearl,109 990
Диван Сваут Velvet Mustard,66 990
Диван Данста Velvet Light,66 990
Кушетка Интори Soft Night,28 990
Диван Роттердам-3 Velvet Blue,31 990
Диван Маре Мини Velvet Pink,27 990
Диван угловой Онте Bucle Silver,109 990
Диван угловой Амрано Velvet Stone,42 990
Диван Сите-2 Barhat Beige,32 990
Модульный диван Нолан-W 4 Soft Jungle,146 450
Диван Самми Velvet Midnight,34 990
Диван Самми Velvet Coral,34 990
Диван Биани Bucle Beige,89 990
Диван Арклоу Cozy Ivory,52 990
Модульный диван Brera-7 Velour Mix,177 970
Диван Саннес Velvet Silver,49 990
Диван угловой Динс Velvet Navy Blue,59 990
Диван Лофт Linia Nut,45 990
Диван Кускен Vertiсal Lavender,46 990
Модульный диван Нолан-B 5 Soft Jungle,198 440
Диван угловой Шера Velvet Blue,102 990
Модульный диван Риббл-3 Bucle Mint,153 970
Диван Льери Мини Velvet Grey,64 990
Кушетка Мона Velvet Olive,32 990
Диван Самми Velvet Plum,34 990
Диван Самми Velvet Beige,34 990
Диван Тут Рядом Космос Бежевый,109 990
Кушетка Роби Textile Coral,19 990
Диван Байма Velvet Milk,69 990
Кушетка Роби Textile Light,19 990
Диван Маре Мини Velvet Silver,27 990
Диван Риббл-11 Bucle Mint,83 990
Диван Ситено Barhat Blue,59 990
Диван Динс Мини Velvet Latte,49 990
Диван угловой Виена Velvet Olive,69 990
Диван угловой Эби-2 Velvet Coral,98 990
Диван угловой Маркфул Velvet Emerald,79 990
Модульный диван Нолан-B 1 Soft Grey,81 980
Модульный диван Brera-7 Bucle Beige,216 970
Диван Мира Velvet Navy Blue,43 990
Модульный диван Полан-5 Velvet Ocean,127 950
Кушетка Ринт Bucle Yellow,20 990
Модульный диван Нолан-W 5 Soft Night,198 440
Кушетка Оренте Soft Blue,46 990
Диван Хевит Velvet Olive,39 990
Диван Коренс-3 Happy Grey,35 990
Диван Коренс-3 Happy Yellow,35 990
Модульный диван Brera-3 Velour Plum,113 970
Диван угловой Ларонсо Soft Latte,109 990
Диван Мейлон Velvet Eclipse,47 990
Модульный диван Полан-2 Cozy Ivory,114 960
Модульный диван Brera-3 Velour Forest,113 970
Диван угловой Лаберт Barhat Latte,109 990
Диван угловой Виллес Velvet Stone,56 990
Диван Виена Bucle Silver,89 990
Диван Сите-3 Velvet Moss,39 990
Модульное кресло Полан Velvet Caramel,45 970
Диван угловой Мейлон Velvet Eclipse,49 990
Диван Картос Velvet Beige,52 990
Модульный диван Brera-4 Velour Plum,161 970
Модульный диван Этен 3 Vertical Jeans,140 940
Диван угловой Бонент Velvet Smoke,92 990
Диван Нумо Мини Textile Grafit,24 990
Диван Порту Textile Ocean,25 990
Диван угловой Дисент-1 Soft Toffe,96 990
Диван Спейс-2 Velvet Grey,89 990
Диван Кареро Bucle Silver,82 990
Модульный диван Риббл-1 Bucle Mint,76 980
Модульный диван Риббл-4 Bucle Forest,153 970
Диван угловой Слипсон Velvet Silver,66 990
Диван угловой Лаберт Barhat Smoke,109 990
Модульный диван Полан-2 Velvet Caramel,95 960
Диван угловой Лаберт Barhat Olive,109 990
Диван угловой Нумо Velvet Grafit,47 990
Диван угловой Сайле Barhat Silver,139 990
Кушетка Норфолк Velvet Silver,25 990
Диван Лонди Bucle Smoky,52 990
Модульный диван Нолан-B 3 Soft Yellow,114 970
Диван Ситено Barhat Stone,59 990
Диван Эби Мини Linia Navy,56 990
Диван угловой Шера Velvet Smoke,102 990
Модульный диван Brera-2 Velour Lilac,105 980
Диван Талас Velvet Stone,39 990
Диван Лофт Linia Olive,45 990
Диван Мейлон Velvet Smoke,47 990
Модульный диван Этен 5 Vertical Jeans,77 960
Диван Мисл Barhat Marsala,74 990
Диван угловой Аллаум Linia Stone,52 990
Модульный диван Риббл-1 Bucle Grafit,76 980
Диван Спейс-2 Velvet Beige,89 990
Модульный диван Нолан-B 2 Soft Grafit,91 470
Модульный диван Brera-2 Velour Caramel,105 980
Кушетка Тут Рядом Космос Серый,89 990
Диван угловой Динс Velvet Yellow,59 990
Диван угловой Вайвел Barhat Smoke,89 990
Диван Бонс-Т Velvet Mint,44 990
Диван Викс Textile Sky,21 990
Модульный диван Нолан-B 4 Soft Grey,146 450
Диван Риббл-11 Bucle Eclipce,83 990
Диван угловой Вильен мини Velvet Plum,59 990
Диван Кареро Velvet Light,69 990
Кушетка Олтен Textile Blue,32 990
Модульный диван Нолан-B 1 Soft Yellow,81 980
Диван Боско-2 Land Yellow,39 990
Модульный диван Риббл-2 Bucle Lilac,128 980
Модульный диван Нолан-W 5 Soft Jungle,198 440
Диван угловой Биани-1 Barhat Blue,79 990
Диван Нумо Мини Textile Silver,24 990
Диван Пайпел-3 Bucle Forest,54 990
Диван угловой Майнап Velvet Latte,49 990
Диван Ольен Мини Velvet Latte,54 990
Диван Виенсо Bucle Cloud,79 990
Диван Маре Мини Velvet Yellow,27 990
Диван угловой Онте Bucle Mint,109 990
Диван Лофт Linia Navy Blue,45 990
Диван Милкен Velvet Yellow,45 990
Диван угловой Льери Barhat Blue,98 990
Диван Тут Рядом Космос Светло-Бежевый,109 990
Диван Ниса Land Forest,44 990
Диван Маркфул Velvet Blue,66 990
Модульный диван Риббл-5 Bucle Silver,194 960
Диван угловой Динс Velvet Emerald,59 990
Диван Сорен Textile Yellow,59 990
Диван Тут Рядом Дом Синий,72 990
Диван Марей Soft Grey,89 990
Диван Саннес Velvet Grey,49 990
Диван Динс Мини Velvet Silver,49 990
Диван Кинси-3 Land Navy Blue,56 990
Диван Brera Velour Galaxy,98 990
Диван угловой Майнап Velvet Grey,49 990
Диван угловой Лилле Velvet Terra,59 990
Диван Майнап Velvet Olive,46 990
Диван Тут Рядом Дом Серо-графитовый,72 990
Кушетка Дилси Textile Silver,37 990
Диван Майнап Velvet Grafit,46 990
Модульный диван Brera-8 Velour Black,123 970
Диван Риббл-7 Bucle Eclipce,51 990
Модульный диван Полан-2 Velvet Smoke,93 960
Модульный диван Сэндж 1 Textile Yellow,64 970
Модульный диван Нолан-W 3 Soft Grafit,114 970
Модульный диван Brera-2 Bucle Beige,133 980
Диван Хевит Velvet Terra,39 990
Модульный диван Риббл-5 Bucle Eclipce,194 960
Диван угловой Онте Textile Grey,129 990
Диван Порту Textile Light,25 990
Модульный диван Brera-8 Velour Stone,123 970
Диван Кейсес Velvet Grey,26 990
Диван Кела Мини Velvet Mint,39 990
Диван угловой Спейс-1 Velvet Grey,69 990
Диван угловой Эби-1 Velvet Blue,72 990
Диван Риббл-2 Bucle Mint,68 990
Модульный диван Brera-2 Velour Cherry,105 980
Диван Хевит Velvet Yellow,39 990
Диван Кейсес Velvet Navy Blue,26 990
Диван Виена Velvet Light,64 990
Диван Лесли Velvet Yellow,46 990
Диван Бонс-Т Velvet Yellow,44 990
Диван Тилар Textile Navy Blue,29 990
Диван угловой Амрано Velvet Blue,42 990
Диван Лави Velvet Eclipse,43 990
Диван угловой Эби-1 Velvet Coral,72 990
Диван Риен Velvet Terra,49 990
Диван Льери Мини Velvet Coral,64 990
Диван угловой Дисент-2 Soft Silver,139 990
Диван угловой Дисент-2 Velvet Smoke,109 990
Диван Лесли Velvet Red,46 990
Диван угловой Харинг Soft Terra,92 990
Диван Роттердам-3 Velvet Olive,31 990
Модульный диван Нолан-W 3 Soft Yellow,114 970
Диван угловой Вайвел Barhat Beige,89 990
Диван Милкен Vertical Lavender,45 990
Диван Ларонсо Soft Blue,84 990
Модульный диван Нолан-W 2 Soft Grey,91 470
Модульный диван Brera-1 Velour Cinnamon,202 950
Диван угловой Шера Velvet Stone,102 990
Диван Лачи Velvet Pink,32 990
Модульный диван Нолан-B 2 Soft Latte,91 470
Модульный диван Риббл-2 Bucle Grafit,128 980
Диван Маркфул Velvet Emerald,66 990
Модульный диван Риббл-2 Bucle Forest,128 980
Диван Brera Velour Cherry,98 990
Диван Эрвин-2 Light,30 990
Диван угловой Ройн Мини Velvet Smoke,42 990
Модульный диван Полан-4 Velvet Ocean,100 960
Диван Brera Velour Caramel,98 990
Диван Хевит Velvet Beige,39 990
Диван Талас Velvet Beige,39 990
Диван Роттердам Velvet Beige,25 990
Диван Винси Textile Ginger,24 990
Диван Слипсон Мини Linia Yellow,44 990
Диван Терм Zamsha Olive,89 990
Модульный диван Нолан-W 3 Soft Night,114 970
Модульный диван Brera-8 Velour Olive,123 970
Диван Эрвин-2 Black,30 990
Диван Инес Vertical Blue,39 990
Диван угловой Льери Barhat Silver,98 990
Модульный диван Brera-8 Velour Caramel,123 970
Диван угловой Плэнтис Velvet Smoke,98 990
Диван Риард-3 Land Light,46 990
Модульный диван Нолан-B 4 Soft Grafit,146 450
Диван Порту Textile Silver,25 990
Диван угловой Мисл-1 Barhat Mint,109 990
Диван угловой Слипсон Velvet Stone,66 990
Диван Риббл-10 Bucle Grafit,83 990
Диван Сорен Textile Plum,59 990
Диван угловой Ситено Barhat Blue,69 990
Модульный диван Риббл-4 Bucle Eclipce,153 970
Диван угловой Биани-2 Barhat Night,98 990
Диван Рон Textile Plum,54 990
Диван Бонент Velvet Plum,76 990
Диван Рейли Velvet Coral,34 990
Диван Риард-3 Land Stone,46 990
Модульный диван Brera-8 Bucle Beige,156 970
Диван Картос Velvet Mint,52 990
Диван угловой Эдвин Velvet Smoke,69 990
Модульный диван Нолан-W 2 Soft Jungle,91 470
Диван Мона Velvet Grey,29 990
Диван Кареро Bucle Smoky,82 990
Диван Эрвин-2 Red,30 990
Диван Пайпел Bucle Beige,49 990
Диван Ольен Мини Cozy Ivory,64 990
Модульный диван Сэндж 2 Textile Grey,58 970
Модульный диван Нолан-B 2 Soft Jungle,91 470
Модульный диван Сэндж 3 Textile Ocean,78 960
Диван Лави Velvet Pink,43 990
Диван Боско-3 Land Forest,49 990
Диван Стаус Мини Textile Coral,24 990
Модульный диван Сэндж 2 Textile Sky,58 970
Диван Спейс-2 Velvet Olive,89 990
Модульный диван Риббл-3 Bucle Eclipce,153 970
Диван Мейлон Velvet Yellow,47 990
Кушетка Манс Velvet Mint,32 990
Диван Мира Velvet Olive,43 990
Модульный диван Этен Vertical Milk,81 960
Диван Лави Velvet Moss,43 990
Диван угловой Эби-2 Velvet Olive,98 990
Диван Спейс Velvet Terra,64 990
Диван угловой Виена Velvet Eclipse,69 990
Диван угловой Шера Velvet Terra,102 990
Диван Риард-2 Land Light,38 990
Диван Леймарк Velvet Wet Sand,49 990
Диван Риард-2 Land Black,38 990
Диван Види Textile Yellow,25 990
Диван Гарди Soft Night,34 990
Диван Ситено Barhat Light,59 990
Кушетка Дилси Textile Yellow,37 990
Диван Картос Velvet Olive,52 990
Диван Маркфул Velvet Light,66 990
Диван Ларонсо Textile Grafit,89 990
Диван Сваут Velvet Terra,66 990
Диван угловой Лаберт Barhat Beige,109 990
Диван угловой Дисент-1 Soft Jungle,96 990
Модульный диван Нолан-W 3 Soft Latte,114 970
Диван Инес Vertical Light,39 990
Кушетка Тут Рядом Космос Синий,89 990
Диван Ситено Barhat Ginger,59 990
Диван Саннес Velvet Mint,49 990
Диван Риббл-7 Bucle Forest,51 990
Диван угловой Бруквиль Velvet Terra,59 990
Диван угловой Лаберт Barhat Grafit,109 990
Диван угловой Нордика мини Velvet Light,59 990
Модульный диван Нолан-B 2 Soft Yellow,91 470
Модульный диван Риббл-5 Bucle Mint,194 960
Кушетка Норфолк Velvet Mint,25 990
Кушетка Берил Velvet Coral,35 990
Диван угловой Аллаум Linia Beige,52 990
Диван Роттердам Velvet Violet,25 990
Модульный диван Нолан-W 3 Soft Jungle,114 970
Диван Риббл-7 Bucle Mint,51 990
Диван Риард-3 Land Forest,46 990
Диван Риббл-1 Bucle Lilac,68 990
Диван Сваут Velvet Moss,66 990
Диван угловой Маркфул Velvet Coral,79 990
Диван угловой Бонент Velvet Light,92 990
Диван угловой Спейс-2 Velvet Olive,98 990
Диван угловой Мисл-1 Barhat Stone,109 990
Диван угловой Беллер Textile Navy Blue,43 990
Диван Кейсес Velvet Olive,26 990
Диван угловой Эби-2 Velvet Grey,98 990
Диван Коренс Happy Mint,30 990
Модульный диван Нолан-B 5 Soft Latte,198 440
Диван Риббл-1 Bucle Eclipce,68 990
Модульный диван Нолан-B 1 Soft Jungle,81 980
Диван Кинси-2 Land Navy Blue,49 990
Диван Ларонсо Soft Silver,84 990
Диван угловой Онте Bucle Eclipse,109 990
Диван угловой Вайвел Barhat Forest,89 990
Диван Маркфул Velvet Grey,66 990
Диван Мира Velvet Latte,43 990
Диван угловой Харинг Soft Jungle,92 990
Диван угловой Нумо Velvet Light,47 990
Диван угловой Мейлон Velvet Olive,49 990
Диван Роттердам-3 Velvet Silver,31 990
Диван Данста Velvet Mint,66 990
Модульный диван Этен 3 Vertical Terra,140 940
Диван Рейли Velvet Silver,34 990
Диван Динс Velvet Silver,54 990
Диван Тилар Cozy Milk,29 990
Диван Стаус Мини Textile Light,24 990
Диван угловой Ситено Barhat Mint,69 990
Модульный диван Нолан-W 3 Soft Milk,114 970
Модульный диван Полан-4 Velvet Light,100 960
Диван Арклоу Soft Blue,56 990
Диван Лачи Velvet Navy Blue,32 990
Диван угловой Биани-2 Barhat Beige,98 990
Диван Лейсон Velvet Yellow,49 990
Диван угловой Дисент-2 Soft Ginger,139 990
Диван Терм Velvet Beige,69 990
Модульный диван Этен 5 Vertical Terra,77 960
Диван угловой Динс Velvet Milk,59 990
Диван Нумо Velvet Pink,37 990
Диван Рон Textile Ocean,54 990
Диван угловой Лилле Velvet Atlantic,59 990
Диван угловой Эдвин Velvet Stone,69 990
Диван Мейлон Velvet Stone,47 990
Диван Линс Velvet Yellow,34 990
Диван Бонент Velvet Grey,76 990
Модульный диван Риббл-5 Bucle Grafit,194 960
Диван угловой Вайвел Barhat Night,89 990
Диван Хевит Velvet Smoke,39 990
Модульный диван Нолан-B 1 Soft Latte,81 980
Кушетка Ринт Bucle Forest,20 990
Диван Эби Мини Linia Stone,56 990
Модульный диван Нолан-W 1 Soft Yellow,81 980
Модульный диван Brera-4 Velour Beige,161 970
Диван угловой Льери Мини Velvet Emerald,69 990
Диван угловой Ройн Мини Velvet Pink,42 990
Модульный диван Brera-7 Velour Forest,177 970
Диван Кела Мини Velvet Navy Blue,39 990
Диван Маркфул Velvet Ocean,66 990
Диван угловой Порту Textile Brown,32 990
Диван угловой Бруквиль Velvet Blue,59 990
Диван Аркет-2 Velvet Smoke,34 990
Диван угловой Ситено Barhat Ginger,69 990
Диван угловой Биани-2 Cozy Ivory,119 990
Кушетка Тут Рядом Космос Зеленый,89 990
Диван Маре Мини Velvet Grafit,27 990
Диван Роттердам-3 Cozy Milk,34 990
Диван Соланс Velvet Sand,29 990
Диван угловой Бонент Velvet Terra,92 990
Диван Тилар Textile Yellow,29 990
Диван Викс Textile Yellow,21 990
Диван Эби Velvet Smoke,64 990
Диван угловой Биани-1 Barhat Night,79 990
Диван Кинси-2 Land Light,49 990
Диван угловой Шера Velvet Grey,102 990
Диван Лейсон Velvet Blue,49 990
Модульный диван Этен 1 Vertical Milk,115 950
Диван Нумо Velvet Green,37 990
Диван Дара Velvet Latte,44 990
Диван Марей Soft Latte,89 990
Диван Эрвин-2 White,30 990
Модульный диван Сэндж 1 Textile Grey,64 970
Диван Соланс Velvet Blue,29 990
Диван угловой Харинг Soft Toffe,92 990
Диван Лонди Cozy Ginger,52 990
Кушетка Дилси Textile Light,37 990
Диван угловой Виллес Velvet Smoke,56 990
Диван Бонент Velvet Moss,76 990
Диван угловой Сайле Barhat Stone,139 990
Диван Тут Рядом Космос Графитовый,109 990
Диван Гарди Soft Toffe,34 990
Диван угловой Аронт Мини Velvet Pink,58 990
Диван Риббл-2 Bucle Grafit,68 990
Модульный диван Сэндж 3 Textile Yellow,78 960
Модульный диван Нолан-B 5 Soft Yellow,198 440
Кушетка Интори Soft Yellow,28 990
Диван Риббл-1 Bucle Grafit,68 990
Диван угловой Эби-2 Velvet Smoke,98 990
Диван угловой Ларонсо Soft Terra,109 990
Диван Слипсон Мини Linia Stone,44 990
Диван Роттердам Velvet Silver,25 990
Диван Майнап Velvet Latte,46 990
Диван Виена Velvet Corall,64 990
Кушетка Кото Cozy Dove,46 990
Диван Сваут Velvet Emerald,66 990
Диван Линс Velvet Latte,34 990
Диван угловой Аронт Мини Velvet Smoke,58 990
Модульный диван Нолан-W 4 Soft Grafit,146 450
Модульный диван Нолан-B 3 Soft Night,114 970
Диван угловой Вайвел Barhat Caramel,89 990
Диван Биани Cozy Ivory,89 990
Модульный диван Полан-2 Velvet Terra,93 960
Диван угловой Аронт Мини Velvet Olive,58 990
Модульный диван Риббл-1 Bucle Silver,76 980
Диван Тут Рядом Дом Желтый,72 990
Диван Сите-2 Velvet Smoke,32 990
Модульный диван Этен 6 Vertical Mint,82 960
Кушетка Венето Velvet Green,38 990
Диван Эби Velvet Grey,64 990
Диван Ситено Barhat Emerald,59 990
Диван Талас Velvet Smoke,39 990
Диван угловой Дисент-1 Soft Grey,96 990
Диван Риббл-2 Bucle Forest,68 990
Диван Стаус Velvet Caramel,30 990
Диван Инес Vertical Grey,39 990
Модульный диван Полан-2 Velvet Ocean,93 960
Диван Лонди Cozy Ivory,52 990
Диван Линс Velvet Emerald,34 990
Модульный диван Этен 2 Vertical Jeance,149 940
Модульный диван Полан-3 Velvet Caramel,72 960
Диван Эрвин-3 Brown,38 990
Диван Пайпел-3 Bucle Grafit,54 990
Диван угловой Слипсон Velvet Milk,66 990
Диван угловой Льери Мини Velvet Coral,69 990
Диван Бонент Velvet Smoke,76 990
Диван Лонди Mima Pink,89 990
Модульный диван Полан-5 Velvet Smoke,127 950
Диван Сторм Land Milk,54 990
Диван Милкен Velvet Red,45 990
Диван угловой Вильен мини Velvet Eclipse,59 990
Диван угловой Майнап Velvet Yellow,49 990
Диван угловой Вильен мини Velvet Smoke,59 990
Кушетка Оренте Soft Yellow,46 990
Диван угловой Лаберт Barhat Blue,109 990
Диван угловой Сайле Barhat Light,139 990
Диван Лилле Velvet Light,49 990
Модульный диван Brera-1 Velour Caramel,202 950
Диван Эрвин-3 Red,38 990
Диван Клаймар Velvet Grey,57 990
Диван Бруквиль Velvet Terra,49 990
Диван Роттердам-3 Velvet Violet,31 990
Модульный диван Нолан-W 5 Soft Latte,198 440
Диван Риард-2 Land Forest,38 990
Диван Линс Velvet Pink,34 990
Диван Майнап Velvet Yellow,46 990
Диван Саннес Velvet Terra,49 990
Диван Инес Vertical Silver,39 990
Диван Льери Мини Velvet Atlantic,64 990
Диван Тут Рядом Космос Зеленый,109 990
Кушетка Норфолк Velvet Navy Blue,25 990
Диван Льери-1 Soft Navy Blue,59 990
Диван Тилар Textile Beige,29 990
Диван Самми Velvet Olive,34 990
Кушетка Мона Velvet Beige,32 990
Модульный диван Нолан-B 1 Soft Night,81 980
Диван угловой Ситено Barhat Stone,69 990
Кушетка Интори Soft Silver,28 990
Диван угловой Спейс-1 Soft Grey,69 990
Диван Рон Textile Grey,54 990
Модульный диван Этен 3 Vertical Milk,140 940
Диван Массе Bucle White,69 990
Диван Динс Velvet Emerald,54 990
Диван угловой Эдвин Velvet Light,69 990
Диван Тут Рядом Космос Серый,109 990
Диван Маре Мини Velvet Beige,27 990
Диван угловой Дарол Velvet Silver,64 990
Диван Виена Velvet Blue,64 990
Диван Коренс-3 Bucle Green,46 990
Диван угловой Стаус Velvet Smoke,42 990
Диван угловой Ройн Мини Velvet Beige,42 990
Диван угловой Беллер Textile Grafit,39 990
Диван Ольен Velvet Navy Blue,64 990
Диван угловой Сайле Barhat Ginger,139 990
Диван угловой Беллер Textile Ocean,39 990
Диван Динс Мини Velvet Red,49 990
Диван угловой Аллаум Linia Navy Blue,52 990
Диван Клаймар Velvet Terra,57 990
Модульный диван Brera-4 Velour Cinnamon,161 970
Модульный диван Этен Vertical Jeans,81 960
Диван Боско-2 Land Terra,39 990
Диван Гарди Soft Grey,34 990
Диван Brera Bucle Beige,119 990
Диван Клаймар Velvet Stone,57 990
Диван Лофт Linia Ginger,45 990
Диван Эрвин-3 White,38 990
Модульный диван Полан-1 Velvet Light,73 970
Модульный диван Полан-3 Velvet Terra,70 960
Диван Рейли Velvet Yellow,34 990
Диван Рон Textile Beige,54 990
Диван угловой Стаус Velvet Olive,42 990
Модульный диван Риббл-1 Bucle Eclipce,76 980
Диван Риббл-10 Bucle Mint,83 990
Диван Сторм Land Grey,54 990
Диван Массе Velvet Mint,59 990
Диван Лофт Linia Silver,45 990
Модульный диван Нолан-W 1 Soft Grafit,81 980
Диван угловой Харинг Soft Night,92 990
Диван Данста Textile Honey,79 990
Диван Картос Velvet Terra,52 990
Диван Гарди Soft Milk,34 990
Диван Арклоу Cozy Storm,52 990
Диван угловой Динс Velvet Stone,59 990
Диван угловой Нумо Velvet Green,47 990
Диван Дара Velvet Emerald,44 990
Диван угловой Вильен мини Velvet Terra,59 990
Диван угловой Плэнтис Velvet Beige,98 990
Диван угловой Мисл-1 Barhat Marsala,109 990
Диван Коренс Bucle Green,38 990
Диван Тут Рядом Дом Зеленый,72 990
Кушетка Ринт Bucle Pink,20 990
Модульный диван Риббл-3 Bucle Lilac,153 970
Диван Боско-3 Land Blue,49 990
Диван Пайпел Bucle Grafit,49 990
Диван Гарди Soft Pink,34 990
Кушетка Кото Cozy Ivory,46 990
Диван Кускен Velvet Red,46 990
Диван Нумо Мини Textile Navy Blue,24 990
Диван Леймарк мини Barhat Blue,46 990
Диван Мисл Barhat Rose,79 990
Диван угловой Биани-2 Barhat Blue,98 990
Диван Нумо Velvet Grafit,37 990
Диван Пайпел Bucle Yellow,49 990
Диван Риббл-2 Bucle Lilac,68 990
Диван Мейлон Velvet Beige,47 990
Кушетка Роби Textile Yellow,19 990
Диван Кареро Bucle Mint,82 990
Диван угловой Слипсон Velvet Emerald,66 990
Модульный диван Полан-1 Velvet Terra,73 970
Диван Риард-3 Land Black,46 990
Диван угловой Амрано Velvet Emerald,42 990
Модульный диван Нолан-W 1 Soft Jungle,81 980
Модульный диван Brera-2 Velour Smoke,105 980
Модульный диван Brera-6 Velour Cherry,171 960
Модульный диван Этен 6 Vertical Jeans,82 960
Диван Мона Velvet Beige,29 990
Диван Коренс Happy Yellow,30 990
Модульный диван Нолан-W 2 Soft Night,91 470
Модульный диван Этен 4 Vertical Milk,203 920
Диван Коренс-3 Bucle White,46 990
Диван Майнап Velvet Light,46 990
Диван Гарди Soft Jungle,34 990
Диван Кускен Velvet Yellow,46 990
Диван Мона Velvet Yellow,29 990
Диван Лави Velvet Smoke,43 990
Модульный диван Нолан-W 2 Soft Grafit,91 470
Модульный диван Нолан-W 4 Soft Yellow,146 450
Модульный диван Полан-1 Velvet Smoke,73 970
Диван угловой Лаберт Barhat Forest,109 990
Модульный диван Нолан-W 2 Soft Milk,91 470
Диван Мира Velvet Yellow,43 990
Кушетка Кото Cozy Emerald,46 990
Диван угловой Льери Barhat Beige,98 990
Диван Слипсон Velvet Milk,59 990
Диван угловой Аллаум Linia Silver,52 990
Диван Сторм Land Latte,54 990
Модульный диван Полан-5 Velvet Light,127 950
Диван Леймарк мини Barhat Terra,46 990
Диван угловой Дарол Velvet Emerald,64 990
Кушетка Берил Velvet Ocean,35 990
Диван Мисл Barhat Stone,74 990
Диван Риен Velvet Beige,49 990
Диван угловой Дарол Velvet Navy Blue,64 990
Диван Льери Barhat Silver,79 990
Диван Риббл-6 Bucle Mint,51 990
Кушетка Венето Velvet Poudre,38 990
Диван Лейсон Velvet Mint,49 990
Диван Динс Velvet Navy Blue,54 990
Диван угловой Порту Textile Yellow,32 990
Диван Рейли Velvet Grey,34 990
Диван угловой Ройн Мини Velvet Terra,42 990
Диван Роттердам Velvet Yellow,25 990
Диван угловой Аронт Мини Velvet Grey,58 990
Диван угловой Бруквиль Velvet Grey,59 990
Диван Кела Мини Velvet Beige,39 990
Диван Ольен Мини Velvet Sand,54 990
Диван угловой Шера Velvet Light,102 990
Диван Нумо Velvet Light,37 990
Диван угловой Маркфул Velvet Light,79 990
Модульный диван Полан-5 Velvet Moss,127 950
Диван Сите-3 Velvet Coral,39 990
Диван Кускен Velvet Sand,46 990
Диван Боско-2 Land Blue,39 990
Диван Кинси-3 Land Grafit,56 990
Диван Ольен Velvet Yellow,64 990
Кушетка Интори Soft Jungle,28 990
Диван Бруквиль Velvet Blue,49 990
Диван Спейс-2 Velvet Blue,89 990
Модульный диван Нолан-B 3 Soft Grafit,114 970
Модульный диван Brera-3 Velour Cinnamon,113 970
Диван угловой Нумо Velvet Yellow,47 990
Диван Мира Velvet Grey,43 990
Диван Леймарк Velvet Beige,49 990
Модульный диван Этен 2 Vertical Milk,149 940
Диван Пайпел Bucle Forest,49 990
Диван угловой Порту Textile Grafit,32 990
Диван угловой Виена Velvet Light,69 990
Модульный диван Brera-1 Bucle Beige,256 950
Диван Коренс Bucle White,38 990
Диван Ларонсо Soft Pearl,84 990
Диван Види Textile Light,25 990
Диван Лонди Bucle Marble,52 990
Кушетка Манс Velvet Grey,32 990
Диван угловой Майнап Velvet Grafit,49 990
Диван Шилдс Textile Ginger,86 990
Диван Шилдс Bucle Marble,79 990
Диван Роттердам Velvet Blue,25 990
Кушетка Оренте Soft Latte,46 990
Диван Риард-3 Land Marsala,46 990
Модульный диван Риббл-3 Bucle Forest,153 970
Модульный диван Нолан-B 5 Soft Milk,198 440
Диван угловой Эби-1 Happy Light,72 990
Модульное кресло Полан Velvet Moss,43 970
Модульный диван Brera-5 Velour Galaxy,120 980
Модульный диван Нолан-B 4 Soft Night,146 450
Модульный диван Brera-5 Velour Mix,120 980
Диван угловой Виллес Velvet Beige,56 990
Диван Порту Textile Grafit,25 990
Диван Сорен Textile Grey,59 990
Модульный диван Риббл-3 Bucle Silver,153 970
Диван угловой Вайвел Barhat Ginger,89 990
Диван Льери Мини Velvet Light,64 990
Диван Види Textile Navy Blue,25 990
Диван Бруквиль Velvet Smoke,49 990
Модульный диван Этен Vertical Terra,81 960
Диван Стаус Velvet Stone,30 990
Модульный диван Brera-7 Velour Stone,177 970
Диван Слипсон Мини Linia Beige,44 990
Диван Нумо Мини Textile Sky,24 990
Кушетка Кото Cozy Beige,46 990
Диван Милкен Vertical Jeans,45 990
Кушетка Тут Рядом Космос Графитовый,89 990
Диван Саннес Velvet Olive,49 990
Диван Виенсо Bucle Ginger,79 990
Диван Лилле Velvet Grey,49 990
Диван Лилле Velvet Stone,49 990
Диван угловой Вильен мини Velvet Olive,59 990
Модульный диван Риббл-1 Bucle Forest,76 980
Диван угловой Сайле Barhat Navy Blue,139 990
Диван Сорен Textile Navy Blue,59 990
Диван Ниса Land Marsala,44 990
Модульное кресло Полан Velvet Light,43 970
Диван Пайпел-3 Bucle Beige,54 990
Диван Дара Velvet Yellow,44 990
Модульный диван Этен 6 Vertical Light,82 960
Диван Сваут Velvet Grey,66 990
Кушетка Норфолк Velvet Pink,25 990
Диван угловой Биани-2 Barhat Latte,98 990
Диван Марей Soft Ginger,89 990
Диван Эби Мини Linia Silver,56 990
Диван Эрвин-2 Grey,30 990
Модульный диван Brera-6 Bucle Beige,222 960
Кушетка Норфолк Velvet Light,25 990
Диван Эби Мини Linia Mint,56 990
Диван Риббл-6 Bucle Forest,51 990
Диван Кела Мини Velvet Silver,39 990
Диван Эби Velvet Coral,64 990
Диван угловой Ситено Barhat Light,69 990
Диван Винси Soft Navy Blue,22 990
Модульный диван Риббл-2 Bucle Silver,128 980
Диван Клаймар Velvet Blue,57 990
Диван Шилдс Textile Night,86 990
Диван Стаус Velvet Grey,30 990
Диван Картос Velvet Yellow,52 990
Модульный диван Риббл-2 Bucle Eclipce,128 980
Диван Риббл-11 Bucle Lilac,83 990
Диван Дара Velvet Milk,44 990
Диван Рейли Velvet Light,34 990
Кушетка Берил Velvet Olive,35 990
Диван Кинси-3 Land Black,56 990
Диван угловой Эдвин Velvet Grey,69 990
Диван Спейс Soft Navy Blue,64 990
Диван Гарди Soft Terra,34 990
Диван Лофт Linia Yellow,45 990
Кушетка Олтен Textile Grafit,32 990
Диван Рон Textile Yellow,54 990
Диван Сторм Land Yellow,54 990
Диван угловой Маркфул Velvet Grey,79 990
Диван Сорен Textile Beige,59 990
Диван Леймарк мини Barhat Olive,46 990
Диван Лесли Velvet Sand,46 990
Кушетка Оренте Soft Mint,46 990
Диван Винси Soft Olive,22 990
Диван Риард-2 Land Marsala,38 990
Модульный диван Сэндж 3 Textile Sky,78 960
Диван Кейсес Velvet Yellow,26 990
Кушетка Дилси Textile Grafit,37 990
Диван Данста Textile Gold,79 990
Модульный диван Нолан-W 3 Soft Grey,114 970
Кушетка Норфолк Velvet Grafit,25 990
Модульный диван Нолан-B 3 Soft Grey,114 970
Диван угловой Ларонсо Soft Blue,109 990
Диван Риард-2 Land Stone,38 990
Диван угловой Вильен мини Velvet Caramel,59 990
Модульный диван Нолан-W 5 Soft Milk,198 440
Диван Ларонсо Bucle Shadow,89 990
Диван угловой Льери Мини Velvet Yellow,69 990
Диван Порту Мини Textile Grafit,26 990
Диван Льери Мини Velvet Yellow,64 990
Диван угловой Виллес Velvet Olive,56 990
Диван Кинси-2 Land Marsala,49 990
Диван угловой Бонент Velvet Grey,92 990
Диван угловой Лилле Velvet Light,59 990
Модульный диван Полан-3 Velvet Ocean,70 960
Диван Динс Мини Velvet Yellow,49 990
Кушетка Олтен Textile Forest,32 990
Диван Льери-1 Soft Grey,59 990
Диван Стаус Мини Textile Silver,24 990
Диван Бонс-Т Velvet Emerald,44 990
Модульный диван Brera-8 Velour Mix,123 970
Диван угловой Дисент-2 Soft Light,139 990
Диван Льери-1 Soft Latte,59 990
Диван Леймарк мини Barhat Smoke,46 990
Диван Ольен Мини Velvet Silver,54 990
Диван Сваут Velvet Beige,66 990
Диван угловой Слипсон Happy Yellow,66 990
Диван Данста Velvet Smoke,66 990
Диван угловой Бонент Velvet Moss,92 990
Диван Порту Мини Textile Beige,26 990
Диван Риббл-6 Bucle Grafit,51 990
Диван Дисент Velvet Stone,79 990
Диван угловой Льери Мини Velvet Light,69 990
Диван Риббл-10 Bucle Eclipce,83 990
Диван Винси Soft Grey,22 990
Модульное кресло Полан Cozy Ivory,56 970
Диван угловой Эби-2 Velvet Blue,98 990
Диван угловой Нордика мини Velvet Olive,59 990
Диван Льери-1 Soft Ocean,59 990
Модульный диван Brera-8 Velour Lilac,123 970
Модульный диван Нолан-W 1 Soft Latte,81 980
Диван Стаус Мини Textile Grafit,24 990
Диван Спейс Velvet Beige,64 990
Диван Боско-3 Land Grey,49 990
Диван Риббл-1 Bucle Silver,68 990
Модульный диван Brera-6 Velour Caramel,171 960
Диван Риббл-10 Bucle Lilac,83 990
Диван Клаймар Velvet Beige,57 990
Диван Викс Textile Coral,21 990
Диван Слипсон Velvet Emerald,59 990
Диван Порту Мини Textile Silver,26 990
Диван угловой Виена Velvet Corall,69 990
Диван Соланс Velvet Lime,29 990
Диван Эби Velvet Blue,64 990
Диван угловой Харинг Soft Milk,92 990
Диван угловой Виллес Velvet Blue,56 990
Диван Пайпел Bucle White,49 990
Диван Бруквиль Velvet Beige,49 990
Кушетка Дилси Textile Blue,37 990
Модульный диван Сэндж 2 Textile Ocean,58 970
Диван Майнап Velvet Navy Blue,46 990
Модульный диван Полан-3 Velvet Light,70 960
Диван Сите-3 Velvet Eclipse,39 990
Диван угловой Мейлон Velvet Smoke,49 990
Диван угловой Вайвел Barhat Blue,89 990
Диван Эби Мини Linia Pink,56 990
Диван Ларонсо Soft Terra,84 990
Диван угловой Амрано Velvet Grey,42 990
Диван угловой Онте Textile Night,129 990
Диван Бруквиль Cozy Ivory,62 990
Диван угловой Биани-1 Barhat Latte,79 990
Диван Спейс-2 Velvet Terra,89 990
Диван Кинси-2 Land Black,49 990
Диван угловой Ройн Мини Velvet Blue,42 990
Кушетка Манс Velvet Coral,32 990
Модульный диван Риббл-1 Bucle Beige,76 980
Диван угловой Плэнтис Velvet Plum,98 990
Модульный диван Полан-3 Velvet Smoke,70 960
Диван угловой Эби-1 Velvet Smoke,72 990
Модульный диван Нолан-W 4 Soft Milk,146 450
Диван Порту Textile Yellow,25 990
Диван Сите-3 Barhat Beige,39 990
Диван угловой Плэнтис Soft Light,124 990
Диван Порту Мини Textile Yellow,26 990
Диван Риббл-7 Bucle Silver,51 990
Диван угловой Харинг Soft Grey,92 990
Диван Риард-2 Land Sky,38 990
Диван угловой Слипсон Velvet Plum,66 990
Диван Сорен Textile Ocean,59 990
Кушетка Венето Velvet Blue,38 990
Кушетка Кото Cozy Ginger,46 990
Диван Льери-1 Soft Olive,59 990
Диван Спейс Velvet Grey,64 990
Диван Бонс-Т Velvet Silver,44 990
Диван Кейсес Velvet Grafit,26 990
Диван Бруквиль Velvet Grey,49 990
Диван Эби Happy Mint,59 990
Диван угловой Нордика мини Velvet Coral,59 990
Диван Лачи Velvet Beige,32 990
Диван Виена Bucle Green,89 990
Модульный диван Brera-1 Velour Plum,202 950
Диван Пайпел-3 Bucle Yellow,54 990
Диван Риббл-6 Bucle Eclipce,51 990
Диван Сорен Textile Light,59 990
Диван Стаус Мини Textile Blue,24 990
Диван Массе Velvet Pink,59 990
Диван Эби Мини Linia Beige,56 990
Диван Мона Velvet Blue,29 990
Модульный диван Риббл-2 Bucle Mint,128 980
Диван угловой Дисент-1 Soft Night,96 990
Диван угловой Майнап Velvet Olive,49 990
Диван Тилар Textile Grey,29 990
Диван угловой Амрано Velvet Caramel,42 990
Диван Эрвин-3 Grey,38 990
Модульный диван Brera-7 Velour Lilac,177 970
Диван Рон Textile Grafit,54 990
Модульный диван Brera-5 Velour Caramel,120 980
Диван Боско-3 Land Milk,49 990
Модульный диван Риббл-1 Bucle Lilac,76 980
Диван Кейсес Velvet Pink,26 990
Диван угловой Спейс-1 Velvet Terra,69 990
Модульный диван Нолан-B 2 Soft Milk,91 470
Диван угловой Бруквиль Cozy Ivory,74 990
Диван угловой Мисл-1 Barhat Beige,109 990
Диван Нумо Velvet Yellow,37 990
Диван Риббл-1 Bucle Mint,68 990
Модульный диван Этен 6 Vertical Terra,82 960
Диван Риббл-10 Bucle Forest,83 990
Диван Риббл-6 Bucle Silver,51 990
Диван Риббл-11 Bucle Silver,83 990
Модульный диван Сэндж 1 Textile Light,64 970
Диван Леймарк Velvet Silver,49 990
Диван Коренс Happy Grafit,30 990
Диван Ольен Мини Velvet Emerald,54 990
Диван Кинси-3 Land Light,56 990
Кушетка Манс Velvet Blue,32 990
Диван Слипсон Velvet Plum,59 990
Модульный диван Полан-4 Velvet Caramel,102 960
Диван Бонент Velvet Terra,76 990
Диван угловой Стаус Velvet Terra,42 990
Диван Лофт Linia Stone,45 990
Модульный диван Полан-2 Velvet Moss,93 960
Диван Сите-2 Velvet Coral,32 990
Диван Виенсо Bucle Milk,79 990
Диван угловой Нумо Velvet Grey,47 990
Диван Байма Velvet Plum,69 990
Модульный диван Полан-3 Velvet Moss,70 960
Диван Пайпел Bucle Blue,49 990
Диван угловой Льери Мини Velvet Blue,69 990
Модульный диван Brera-6 Velour Beige,171 960
Диван Лейсон Velvet Smoke,49 990
Диван угловой Майнап Velvet Light,49 990
Диван угловой Лилле Velvet Stone,59 990
Диван Кареро Bucle Cloud,82 990
Диван угловой Плэнтис Bucle Beige,124 990
Диван Арклоу Soft Latte,56 990
Диван Brera Velour Cinnamon,98 990
Кушетка Мона Velvet Blue,32 990
Модульный диван Нолан-B 2 Soft Grey,91 470
Модульный диван Нолан-B 3 Soft Milk,114 970
Диван Дисент Soft Silver,98 990
Модульный диван Нолан-W 4 Soft Night,146 450
Диван Динс Мини Velvet Navy Blue,49 990
Диван Риббл-6 Bucle Beige,51 990
Диван угловой Порту Textile Ocean,32 990
Диван Боско-2 Land Forest,39 990
Кушетка Норфолк Velvet Yellow,25 990
Диван угловой Эби-2 Velvet Light,98 990
Модульный диван Brera-3 Velour Lilac,113 970
Диван Льери Barhat Beige,79 990
Диван угловой Бруквиль Velvet Beige,59 990
Диван угловой Спейс-1 Velvet Beige,69 990
Кушетка Интори Soft Pink,28 990
Кушетка Ринт Bucle Blue,20 990
Диван Динс Мини Velvet Emerald,49 990
Модульный диван Brera-5 Velour Cinnamon,120 980
Диван Биани Barhat Olive,74 990
Диван угловой Онте Textile Grafit,129 990
Диван угловой Льери Мини Velvet Terra,69 990
Диван угловой Нумо Velvet Pink,47 990
Модульное кресло Полан Velvet Terra,43 970
Модульный диван Полан-5 Velvet Terra,127 950
Модульный диван Нолан-B 5 Soft Grafit,198 440
Диван угловой Спейс-2 Soft Navy Blue,98 990
Модульный диван Brera-5 Velour Smoke,120 980
Диван Мона Velvet Olive,29 990
Модульный диван Brera-5 Velour Stone,120 980
Диван Линс Velvet Grafit,34 990
Диван угловой Ситено Barhat Emerald,69 990
Диван Brera Velour Stone,98 990
Модульный диван Этен 4 Vertical Mix,203 920
Кушетка Манс Velvet Beige,32 990
Модульный диван Нолан-W 4 Soft Grey,146 450
Модульный диван Нолан-W 2 Soft Latte,91 470
Диван Дисент Velvet Smoke,79 990
Диван Лилле Velvet Terra,49 990
Диван угловой Вильен мини Velvet Grey,59 990
Диван угловой Спейс-1 Velvet Olive,69 990
Модульный диван Сэндж 1 Textile Ocean,64 970
Диван угловой Виллес Velvet Grey,56 990
Кушетка Роби Textile Blue,19 990
Диван Риббл-7 Bucle Grafit,51 990
Диван Спейс-2 Velvet Smoke,89 990
Кушетка Венето Velvet Mustard,38 990
Диван Маркфул Velvet Yellow,66 990
Диван Динс Velvet Stone,54 990
Диван Бонент Velvet Light,76 990
Модульный диван Сэндж 1 Textile Sky,64 970
Диван Клаймар Velvet Moss,57 990
Диван Милкен Velvet Sand,45 990
Диван Лилле Velvet Atlantic,49 990
Диван Биани Barhat Blue,74 990
Модульный диван Этен 1 Vertical Jeans,115 950
Диван Ниса Land Stone,44 990
Диван Боско-2 Land Grey,39 990
Модульный диван Нолан-B 4 Soft Jungle,146 450
Диван угловой Ларонсо Soft Silver,109 990
Модульный диван Риббл-4 Bucle Mint,153 970
Модульный диван Brera-3 Velour Night,113 970
Диван Динс Velvet Milk,54 990
Диван угловой Дисент-1 Soft Yellow,96 990
Диван Мисл Barhat White,74 990
Диван Леймарк мини Barhat Latte,46 990
Диван Види Textile Corall,25 990
Диван угловой Бонент Velvet Eclipse,92 990
Модульный диван Полан-4 Velvet Terra,100 960
Диван Лейсон Velvet Beige,49 990
Диван Тут Рядом Космос Синий,109 990
Диван Эби Мини Linia Yellow,56 990
Кушетка Оренте Soft Sky,46 990
Диван угловой Дисент-2 Velvet Stone,109 990
Диван Тут Рядом Дом Розовый,72 990
Модульный диван Нолан-B 3 Soft Latte,114 970
Диван угловой Стаус Velvet Caramel,42 990
Диван Brera Velour Olive,98 990
Диван Виенсо Bucle Smoky,79 990
Модульный диван Этен 5 Vertical Mint,77 960
Диван угловой Спейс-2 Velvet Grey,98 990
Диван Шилдс Textile Azure,86 990
Кушетка Кото Cozy Latte,46 990
Диван угловой Нордика мини Velvet Smoke,59 990
Диван Викс Textile Silver,21 990
Диван Кинси-2 Land Grafit,49 990
Диван угловой Амрано Velvet Coral,39 990
Диван угловой Аллаум Linia Lavender,52 990
Диван Риббл-7 Bucle Lilac,51 990
Диван угловой Стаус Velvet Grey,42 990
Кушетка Роби Textile Ocean,19 990
Диван Слипсон Velvet Silver,59 990
Диван Винси Soft Light,22 990
Диван Слипсон Velvet Honey,59 990
Диван Арклоу Soft Ginger,56 990
Модульный диван Полан-3 Cozy Ivory,89 960
Диван Риббл-2 Bucle Eclipce,68 990
Диван Леймарк Velvet Grafit,49 990
Кушетка Кото Cozy Storm,46 990
Диван угловой Порту Textile Silver,32 990
Диван Коренс-3 Happy Grafit,35 990
Кушетка Тут Рядом Космос Светло-Бежевый,89 990
Диван Стаус Velvet Terra,30 990
Модульный диван Полан-1 Velvet Moss,73 970
Диван Ниса Land Navy Blue,44 990
Диван Шилдс Bucle Beige,86 990
Диван угловой Дисент-1 Soft Milk,96 990
Кушетка Мона Velvet Grey,32 990
Модульный диван Риббл-4 Bucle Lilac,153 970
Диван Коренс-3 Happy Light,35 990
Диван Мейлон Velvet Terra,47 990
Диван угловой Мейлон Velvet Yellow,49 990
Диван угловой Биани-2 Barhat Olive,98 990
Диван Шилдс Bucle Silver,86 990
Кушетка Мона Velvet Coral,32 990
Диван угловой Бонент Velvet Plum,92 990
Кушетка Манс Velvet Yellow,32 990
Диван угловой Аронт Мини Velvet Yellow,58 990
Диван угловой Нордика мини Velvet Blue,59 990
Диван угловой Виена Velvet Smoke,69 990
Модульный диван Полан-4 Velvet Smoke,100 960
Диван угловой Бруквиль Velvet Smoke,59 990
Модульный диван Нолан-B 5 Soft Night,198 440
Диван Сторм Land Terra,54 990
Кушетка Олтен Textile Beige,32 990
Модульный диван Полан-5 Velvet Caramel,129 950
Модульный диван Нолан-W 5 Soft Grey,198 440
Модульный диван Нолан-B 3 Soft Jungle,114 970
Диван Лачи Velvet Emerald,32 990
Диван Кинси-3 Land Marsala,56 990
Модульный диван Нолан-W 2 Soft Yellow,91 470
Модульный диван Нолан-B 1 Soft Milk,81 980
Диван Рон Textile Light,54 990
Диван Слипсон Мини Linia Silver,44 990
Диван Динс Мини Velvet Lime,49 990
Диван Эби Velvet Light,64 990
Диван угловой Лилле Velvet Grey,59 990
Диван Риббл-2 Bucle Silver,68 990
Диван Риард-3 Land Sky,46 990
Диван Лейсон Velvet Stone,49 990
Диван Ларонсо Soft Latte,84 990
Диван Стаус Velvet Smoke,30 990
Диван угловой Ройн Мини Velvet Olive,42 990
Кушетка Олтен Textile Plum,29 990
Диван угловой Спейс-2 Velvet Beige,98 990
Кушетка Венето Velvet Coral,38 990
Диван Картос Velvet Grey,52 990
Модульный диван Полан-2 Velvet Light,93 960
Диван Ситено Barhat Mint,59 990
Диван Марей Soft Navy Blue,89 990
Модульный диван Brera-4 Velour Olive,161 970
Диван Боско-3 Land Terra,49 990
Диван Виена Velvet Olive,64 990
Кушетка Берил Velvet Grey,35 990
Диван Бонс-Т Happy Grey,44 990
Диван Стаус Мини Textile Yellow,24 990
Модульный диван Этен 2 Vertical Mint,149 940
Диван Сите-2 Velvet Eclipse,32 990
Диван Мейлон Velvet Olive,47 990
Диван Самми Velvet Grey,34 990
Диван Спейс Velvet Olive,64 990
Диван угловой Эби-1 Velvet Grey,72 990
Диван Дара Velvet Silver,44 990
Диван угловой Беллер Textile Yellow,39 990
Диван Тилар Textile Grafit,29 990
Модульный диван Этен 4 Vertical Grafit,203 920
Диван Бруквиль Velvet Olive,49 990
Диван Леймарк Velvet Navy Blue,49 990
Модульный диван Этен 3 Vertical Mix,140 940
Диван угловой Льери Barhat Ginger,98 990
Кушетка Манс Velvet Olive,32 990
Диван Слипсон Velvet Olive,59 990
Диван угловой Сайле Velvet Emerald,139 990
Диван угловой Стаус Velvet Blue,42 990
Диван Ольен Velvet Beige,64 990
Диван Льери Barhat Mint,79 990
Кушетка Берил Velvet Mustard,35 990
Диван Риен Velvet Olive,49 990
Диван Маркфул Velvet Coral,66 990
Кушетка Мона Velvet Yellow,32 990
Модульный диван Риббл-3 Bucle Grafit,153 970
Диван Порту Мини Textile Coral,26 990
Диван Ольен Velvet Silver,64 990
Модульный диван Brera-6 Velour Olive,171 960
Диван Лилле Velvet Emerald,49 990
Диван Боско-2 Land Milk,39 990
Модульный диван Полан-1 Velvet Ocean,73 970
Диван Лонди Bucle Galaxy,59 990
Кушетка Роби Textile Grey,19 990
Диван угловой Спейс-2 Soft Grey,98 990
Диван Сите-3 Velvet Blue,39 990
Диван угловой Нумо Velvet Latte,47 990
Модульный диван Риббл-4 Bucle Silver,153 970
Модульный диван Нолан-B 4 Soft Milk,146 450
Диван Сваут Velvet Ocean,66 990
Диван Клаймар Velvet Smoke,57 990
Диван угловой Льери Barhat Emerald,98 990
Модульный диван Brera-1 Velour Black,202 950
Диван Эрвин-3 Light,38 990
Диван Мисл Barhat Mint,74 990
Диван Картос Velvet Stone,52 990
Диван Риббл-10 Bucle Silver,83 990
Диван угловой Аллаум Linia Pink,52 990
Диван Дисент Soft Grafit,98 990
Диван Ниса Land Silver,44 990
Модульный диван Нолан-B 5 Soft Grey,198 440
Диван угловой Эби-1 Velvet Olive,72 990
Диван Сите-3 Velvet Smoke,39 990
Диван угловой Эдвин Velvet Blue,69 990
Диван Кейсес Velvet Latte,26 990
Модульный диван Нолан-W 4 Soft Latte,146 450
Диван угловой Беллер Textile Silver,43 990
Модульный диван Полан-4 Velvet Moss,100 960
Диван Эрвин-2 Brown,30 990
Диван угловой Льери Barhat Mint,98 990
Диван угловой Виена Bucle Silver,94 990
Диван Сите-2 Velvet Moss,32 990
Диван Льери Barhat Ginger,79 990
Диван Массе Velvet Silver,59 990
Диван Викс Textile Light,21 990
Диван Спейс Soft Grey,64 990
Диван Кускен Vertiсal Jeans,46 990
Диван Слипсон Мини Linia Lavender,44 990
Диван Маре Мини Velvet Emerald,27 990
Диван Сорен Textile Grafit,59 990
Диван Биани Barhat Smoke,74 990
Диван угловой Аронт Мини Velvet Light,58 990
Диван угловой Льери Мини Velvet Grey,69 990
Модульный диван Brera-6 Velour Smoke,171 960
Диван Пайпел-3 Bucle Blue,54 990
Кушетка Интори Soft Terra,28 990
Диван угловой Нордика мини Velvet Grey,59 990
Модульный диван Нолан-B 1 Soft Grafit,81 980
Диван Порту Мини Textile Brown,26 990
Модульный диван Brera-1 Velour Lilac,202 950
Диван угловой Динс Velvet Silver,59 990
Кушетка Дилси Textile Coral,37 990
Диван Линс Velvet Grey,34 990
Модульный диван Этен 3 Vertical Mix,140 940
Диван Слипсон Velvet Stone,59 990
Модульный диван Brera-3 Bucle Beige,142 970
Диван угловой Биани-1 Barhat Beige,79 990
Модульный диван Этен 5 Vertical Light,77 960
Диван Ниса Land Light,44 990
Диван Мисл Barhat Beige,74 990
Диван Кареро Time Grey,69 990
Диван Риббл-1 Bucle Forest,68 990
Модульный диван Brera-1 Velour Galaxy,202 950
Диван Самми Velvet Emerald,34 990
Диван Мира Velvet Light,43 990
Модульное кресло Полан Velvet Smoke,43 970
Диван угловой Виллес Velvet Terra,56 990
Модульный диван Сэндж 3 Textile Grey,78 960
Диван Марей Soft Gold,89 990
Диван угловой Бруквиль Velvet Olive,59 990
Диван Инес Vertical Terra,39 990
Модульный диван Нолан-W 5 Soft Yellow,198 440
Диван Соланс Velvet Yellow,29 990
Модульный диван Полан-1 Velvet Caramel,75 970
Диван угловой Порту Textile Light,32 990
Модульный диван Brera-4 Velour Cherry,161 970
Диван угловой Мейлон Velvet Beige,49 990
Диван Лачи Velvet Grafit,32 990
Диван угловой Амрано Velvet Terra,39 990
Модульный диван Этен 4 Vertical Silver,203 920
Диван Динс Velvet Honey,54 990
Модульный диван Риббл-2 Bucle Beige,128 980
Диван Кускен Velvet Mint,46 990
Модульный диван Риббл-5 Bucle Beige,194 960
Диван Лесли Velvet Grey,46 990
Модульный диван Этен 3 Vertical Silver,140 940
Диван Милкен Velvet Grey,45 990
Диван Дара Velvet Terra,44 990
Диван Роттердам Cozy Milk,27 990
Диван Соланс Velvet Grey,29 990
Диван угловой Дарол Velvet Beige,64 990
Диван Арклоу Soft Mint,56 990
Модульный диван Риббл-3 Bucle Beige,153 970
Диван угловой Дисент-2 Velvet Beige,109 990
Модульный диван Этен 2 Vertical Light,149 940
Модульный диван Этен 2 Vertical Mix,149 940
Модульный диван Этен Vertical Light,81 960
Модульный диван Этен 1 Vertical Mix,115 950
Диван Байма Velvet Navy Blue,69 990
Диван Лесли Velvet Navy Blue,46 990
Диван Байма Velvet Olive,69 990
Диван угловой Динс Velvet Honey,59 990
Диван Риббл-2 Bucle Beige,68 990
Диван Бонс-Т Velvet Navy Blue,44 990
Диван угловой Динс Velvet Terra,59 990
Диван угловой Дарол Velvet Terra,64 990
Диван Тилар Textile Plum,29 990
Модульный диван Риббл-4 Bucle Beige,153 970
Диван Риббл-10 Bucle Beige,83 990
Диван Соланс Velvet Honey,29 990
Модульный диван Этен 6 Vertical Silver,82 960
Модульный диван Этен 1 Vertical Light,115 950
Диван Соланс Velvet Navy Blue,29 990
Диван угловой Дарол Velvet Stone,64 990
Диван Шилдс Textile Grey,86 990
Диван Кускен Velvet Grey,46 990
Модульный диван Этен 1 Vertical Pink,115 950
Диван Бонс-Т Velvet Beige,44 990
Модульный диван Этен 1 Vertical Silver,115 950
Модульный диван Этен 3 Vertical Mix,140 940
Модульный диван Этен 2 Vertical Silver,149 940
Диван угловой Слипсон Velvet Olive,66 990
Диван Ольен Мини Velvet Honey,54 990
Диван Риббл-11 Bucle Beige,83 990
Диван Байма Velvet Terra,69 990
Диван угловой Слипсон Velvet Honey,66 990
Диван Риббл-7 Bucle Beige,51 990
Диван Винси Velvet Mint,22 990
Диван Данста Velvet Grey,66 990
Диван Леймарк Velvet Emerald,49 990
Модульный диван Этен 5 Vertical Silver,77 960
Диван Дисент Velvet Beige,79 990
Диван Ольен Мини Velvet Mint,54 990
Модульный диван Этен Vertical Beige,81 960
Диван Льери Bucle White,104 990
Кушетка Ринт Cozy Milk,20 990
Диван Бонс-Т Velvet Terra,44 990
Диван Ольен Velvet Olive,64 990
Диван угловой Плэнтис Velvet Mint,98 990
Диван Роттердам-3 Velvet Beige,31 990
Диван Риббл-1 Bucle Beige,68 990
Диван Бэй Grey,29 990
Диван Бэй Grafit,29 990
Модульный диван Брайт-G 1 Textile Cream,64 970
Модульный диван Брайт-G 2 Textile Cream,91 960
Модульный диван Брайт-G 1 Textile Grey,64 970
Модульный диван Брайт-G 2 Textile Grey,91 960
Модульный диван Брайт-B 1 Textile Beige,64 970
Модульный диван Брайт-B 2 Textile Beige,91 960
Модульный диван Брайт-B 2 Textile Yellow,91 960
Модульный диван Брайт-B 1 Textile Yellow,64 970
Модульный диван Брайт-G 5 Textile Cream,173 930
Модульный диван Брайт-G 3 Textile Cream,111 950
Модульный диван Брайт-G 3 Textile Grey,111 950
Модульный диван Брайт-B 3 Textile Beige,111 950
Модульный диван Брайт-B 5 Textile Beige,173 930
Модульный диван Брайт-B 5 Textile Yellow,173 930
Модульный диван Брайт-B 3 Textile Yellow,111 950
Модульный диван Брайт-G 4 Textile Cream,126 950
Модульный диван Брайт-G 4 Textile Grey,126 950
Модульный диван Брайт-B 4 Textile Yellow,126 950
Модульный диван Нолан-B Textile Beige,91 470
Модульный диван Нолан-B 1 Textile Beige,145 450
Модульный диван Нолан-B Textile Dusty Blue,91 470
Модульный диван Нолан-B 1 Textile Dusty Blue,145 450
Модульный диван Нолан-B Textile Orange,91 470
Модульный диван Нолан-B 2 Textile Beige,198 440
Модульный диван Нолан-B 2 Textile Dusty Blue,198 440
Модульный диван Нолан-B 2 Textile Orange,198 440
Модульный диван Нолан-W Textile Beige,91 470
Модульный диван Нолан-W 1 Textile Beige,145 450
Модульный диван Нолан-W Textile Dusty Blue,91 470
Модульный диван Нолан-W 2 Textile Dusty Blue,198 440
Модульный диван Нолан-W 1 Textile Dusty Blue,145 450
Модульный диван Нолан-W Textile Yellow,91 470
Модульный диван Нолан-W 2 Textile Yellow,198 440
Модульный диван Нолан-W 1 Textile Yellow,145 450
Диван Рутс Black,65 990
Диван Рутс Beige,65 990
Модульный диван Мидеро Textile Navy Blue,71 980
Модульный диван Мидеро Textile Beige,71 980
Модульный диван Мидеро-1 Textile Beige,118 460
Модульный диван Мидеро-1 Textile Navy Blue,118 460
Модульный диван Мидеро-2 Textile Beige,157 450
Модульный диван Мидеро-2 Textile Navy Blue,157 450
Диван Франс Olive,24 990
Набор мебели Видьют Linen,44 990
Диван Крис Beige,13 490
Набор мебели Видьют Apricot,44 990
Диван Крис Blue,13 490
Диван Лигеро,28 990
Диван Lotus Textile Silver,89 990
Диван Lotus Textile Olive,89 990
Садовые качели Эйприл Beige,24 990
Садовые качели Эйприл Grey,24 990
Диван Lotus Textile Ginger,89 990
Диван Lotus-1 Textile Olive,129 990
Диван Коби Cream,59 990
Диван Альфи Milk,74 990
Диван Ланкастер Textile Milk,60 990
Диван Литта Black,42 990
Модульный диван Хайленд Textile Beige,155 980
Модульный диван Хайленд Textile Grey,155 980
Модульный диван Брайт-1 Textile Grafit,47 970
Модульный диван Брайт-5 Textile Grafit,128 930
Модульный диван Брайт-3 Textile Grafit,82 950
Модульный диван Брайт-4 Textile Grafit,93 950
Диван Крис Olive,13 490
Диван угловой Ларонсо Textile Grey,129 990
Диван Кела Мини Velvet Ginger,39 990
Диван Маре Мини Velvet Blue,27 990
Диван Массе Velvet Blue,64 990
Диван Массе Velvet Ginger,64 990
Диван Онте Bucle Eclipce,98 990
Диван Онте Bucle Silver,98 990
Диван Онте Bucle Mint,98 990
Диван Онте Textile Grey,119 990
Диван Онте Textile Night,119 990
Диван Онте Bucle Grafit,98 990
Диван Льери Barhat Olive,84 990
Диван Льери Barhat Wet Sand,84 990
Диван угловой Льери Barhat Olive,104 990
Диван угловой Льери Barhat Wet Sand,104 990
Диван Мисл Barhat Olive,79 990
Диван Мисл Barhat Wet Sand,79 990
Диван угловой Мисл-1 Barhat Olive,119 990
Диван угловой Мисл-1 Barhat Wet Sand,119 990
Диван Ситено Barhat Olive,62 990
Диван Ситено Barhat Wet Sand,62 990
Диван угловой Ситено Barhat Olive,72 990
Диван угловой Ситено Barhat Wet Sand,72 990
Диван Льери-1 Soft Light,0
Диван Арил Velvet Grafit,0
Диван Ольен Happy Latte,0
Диван Арил Velvet Latte,0
Диван Эби Happy Grey,0
Диван Роттердам-3 Velvet Light,0
Кушетка Берил Velvet Beige,0
Диван Арил Velvet Pink,0
Диван Арил Velvet Emerald,0
Диван Динс Мини Velvet Latte,0
Диван Кускен Velvet Grafit,0
Диван Роттердам Velvet Grey,0
Диван Кита Textile Cream,0
Диван Милкен Velvet Grafit,0
Диван Бонс-Т Happy Light,0
Диван Арил Velvet Navy Blue,0
Диван Мира Velvet Pink,0
Диван угловой Эби-1 Gene Ocean,0
Модульный диван Полан-5 Velvet Beige,0
Диван Роттердам-3 Velvet Pink,0
Диван Роттердам Velvet Black,0
Диван Саннес Velvet Light,0
Модульный диван Полан-4 Velvet Beige,0
Диван Льери Bucle White,0
Модульный диван Полан-1 Velvet Beige,0
Диван Эби Happy Emerald,0
Диван Бонс-Т Happy Mint,0
Диван угловой Плэнтис Velvet Ocean,0
Диван Слипсон Мини Linia Mint,0
Диван Льери Мини Bucle White,0
Диван Кита Textile Grey,0
Диван Арил Velvet Yellow,0
Диван угловой Эби-2 Happy Yellow,0
Диван угловой Слипсон Happy Ocean,0
Диван Кита Textile Olive,0
Диван Слипсон Happy Yellow,0
Диван угловой Дисент-2 Bucle White,0
Диван Роттердам-3 Velvet Green,0
Диван Арил Velvet Grey,0
Диван угловой Сваут Velvet Ocean,0
Диван Остин Velvet Yellow,0
Диван Роден-2 Black,0
Диван Саннес Textile Yellow,0
Диван угловой Санту-2 Navy Blue,0
Диван Сан-Паулу Velvet Ocean,0
Диван Гритон Мини Textile Grey,0
Кушетка Летто Textile Blue,0
Диван Орнен Barhat Beige,0
Кушетка Мона Barhat Salmon,0
Диван Гритон Мини Textile Grey,0
Кушетка Летто Textile Blue,0
Диван Орнен Barhat Beige,0
Кушетка Мона Barhat Salmon,0
Диван Мурано 160 Velvet Ocean,0
Диван Фида Velvet Latte,0
Диван Карлос-3 Red,0
Кушетка Лори Textile Ocean,0
Диван Вернон Velvet Mustard,0
Диван Фолс 160 Velvet Coral,0
Диван угловой Инарт Happy Yellow,0
Диван Ситено Мини Barhat Mint,0
Диван Монреаль Премиум Barhat Grey,0
Диван Поли Velvet Navy Blue,0
Диван Айверс Textile Beige,0
Диван Старк Velvet Ocean,0
Диван угловой Мурано Velvet Ocean,0
Диван Берг Velvet Navy Blue,0
Диван Байвин Soft Navy Blue,0
Диван угловой Милбург Textile Rustic,0
Диван Линкольн Light,0
Диван угловой Ротшильд White,0
Диван Осло-3 Beige,0
Диван Дублин Happy Grafit,0
Модульный диван Винсор-1 Velvet Beige,0
Диван Медиус-3 Beige,0
Диван Вернон 160 Velvet Ocean,0
Диван Роден-2 Brown,0
Диван Анта Barhat Blue,0
Диван Коро Velvet Olive,0
Кушетка Дилси Barhat Salmon,0
Диван Коро Velvet Emerald,0
Диван Динс Sherst Blue,0
Диван Артилс Velvet Grey,0
Диван угловой Торин Brown,0
Диван Орнен Barhat Silver,0
Диван Мосс Happy Beige,0
Диван угловой Мидгард Zamsha Brown,0
Диван Крокус-3 White,0
Диван Ротшильд Luna,0
Диван Динс Smart Beige,0
Диван Виена Velvet Pouder,0
Диван угловой Санту-1 Textile Plum,0
Диван Шарп 160 Velvet Grey,0
Диван Коренс-3 Happy Emerald,0
Модульный диван Монреаль-2 Ocean,0
Диван Кускен Textile Mint,0
Диван Сайле Barhat Grey,0
Диван Аруби Velvet Coral,0
Диван Монреаль Zamsha Brown,0
Диван угловой Лориш Beige,0
Диван Лисмос Buffalo Brown,0
Диван угловой Мисл-1 Barhat Light,0
Диван угловой Спейс-1 Happy Ocean,0
Диван Офра Happy Grey,0
Диван Сайле Barhat Amber,0
Диван Сваут Barhat Mint,0
Диван Роттердам Chess Black,0
Диван Кела Мини Velvet Pink,0
Модульный диван Монреаль-3 Zamsha Brown,0
Диван Вернон 160 Velvet Emerald,0
Диван угловой Санту-2 Textile Ocean,0
Диван Шарп Happy Yellow,0
Кушетка Балтик Textile Light,0
Диван угловой Лориш Grey,0
Диван угловой Медиус Beige,0
Кушетка Лунд Textile Sky,0
Диван Вероли Velvet Light Grey,0
Кушетка Магни Blue,0
Диван Сите-2 Barhat Salmon,0
Диван угловой Манхэттен Velvet Navy Blue,0
Диван Сайле Buffalo Brown,0
Диван Соланс Velvet Eclipse,0
Диван угловой Милбург Textile Navy Blue,0
Модульный диван Этен 2 Time Grey,0
Диван Ситено Мини Velvet Light,0
Модульный диван Динс-1 Textile Blue,0
Диван Лиент Velvet Blue,0
Диван Ваймон Velvet Grey,0
Кушетка Астер-3 Textile Sky,0
Диван Бастон-2 Red,0
Диван Торонто Velvet Brown,0
Диван угловой Милбург Textile Brown,0
Модульный диван Монреаль-4 Палермо Gris,0
Диван Плиди Chess Black,0
Диван Старк 160 Velvet Ocean,0
Диван Лиент Velvet Ocean,0
Кушетка Магни Green,0
Диван Дания-2 Barhat Ginger,0
Диван Стокгольм 242,0
Диван угловой Динс Velvet Emerald,0
Модульный диван Риббл-5 Bucle Blue,0
Диван Виена Velvet Mint,0
Диван Слипсон Мини Time Grafit,0
Диван Монти 155,0
Диван Осло-3 Black,0
Диван Лофт Velvet Latte,0
Модульное кресло Полан Velvet Coral,0
Диван Лофт Gene Grey,0
Диван угловой Джерси Velvet Grey,0
Диван Сан-Паулу Velvet Grey,0
Диван Кареро Velvet Light Grey,0
Диван Миннесота Textile Latte,0
Диван Белисса Velvet Blue,0
Диван Мурано Velvet Latte,0
Диван Фабиус Ecru,0
Диван Фабиус Blue,0
Модульное кресло Полан Velvet Provance,0
Диван Виена Velvet Beige,0
Диван Дара Happy Mint,0
Диван Нодис Happy Light,0
Диван Монреаль Grafit,0
Диван Ридан Barhat Ginger,0
Диван угловой Дисент-2 Velvet Ocean,0
Диван Вернон Velvet Blue,0
Диван Орнен Velvet Ocean,0
Модульный диван Монреаль-2 Палермо Gris,0
Диван Сан-Паулу Velvet Ocean,0
Диван Брент Velvet Light,0
Диван Напа Velvet Light Grey,0
Диван Маре Мини Velvet Mauve,0
Диван Медиус-2 Latte,0
Диван Фабиус Lilac,0
Диван Хоуп Velvet Grey,0
Диван Офра Happy Emerald,0
Диван Сан-Паулу Velvet Grafit,0
Диван Карлос-3 Black,0
Диван Осло-3 White,0
Кушетка Лори Textile Cream,0
Кушетка Ситено Barhat Salmon,0
Диван Соланс Velvet Atlantic,0
Диван Орнен Barhat Gold,0
Диван Мосс 160 Happy Pink,0
Диван Роттердам Ocean,0
Кушетка Манс Barhat Ocean,0
Диван Нодис Happy Emerald,0
Диван Реджио Soft Navy Blue,0
Диван Ларонсо Velvet Emerald,0
Кушетка Астер Textile Lime,0
Диван Ольен Мини Happy Mint,0
Диван Дисент Velvet Emerald,0
Диван Хевит Barhat Grey,0
Модульный диван Винсор-2 Velvet Terra,0
Диван Бриес Barhat Ginger,0
Диван Мисл Barhat Gold,0
Диван Нодис Happy Mint,0
Модульный диван Динс-1 Textile Ocean,0
Диван угловой Дарол Gene Navy Blue,0
Диван Гритон Мини Textile Sky,0
Модульный диван Монреаль-3 Палермо Gris,0
Диван Ларонсо Velvet Ocean,0
Модульный диван Крокус-2 Latte,0
Диван Котн Textile Sky,0
Диван угловой Манхэттен Velvet Yellow,0
Диван Лайтси Velvet Grey,0
Диван Линкольн Rubino,0
Модульный диван Полан-2 Velvet Coral,0
Диван Осло-3 Red,0
Модульный диван Крокус-1 Latte,0
Диван Дублин-3 Happy Ocean,0
Диван Фолс Velvet Ocean,0
Диван Эдрил Barhat Beige,0
Диван Лориш Yellow,0
Диван угловой Санту-1 Textile Yellow,0
Диван угловой Сваут Velvet Yellow,0
Диван Дублин Happy Light,0
Диван угловой Спейс-1 Soft Ocean,0
Диван угловой Монсо Happy Light,0
Диван Котн Textile Navy Blue,0
Модульный диван Монреаль-4 Zamsha Brown,0
Диван угловой Льери Bucle White,0
Диван Айверс Textile Blue,0
Диван Мона Barhat Beige,0
Диван Шери Happy Light,0
Диван Сан-Паулу Velvet Pink,0
Диван Кита Textile Grafit,0
Диван Роттердам-3 Barhat Ginger,0
Диван Льери Velvet Ocean,0
Диван Дисент Land Light,0
Диван Сан-Паулу Velvet Grey,0
Диван Эннис Textile Yellow,0
Кушетка Летто Textile Yellow,0
Диван угловой Торин Purple,0
Диван Ларонсо Soft Pink,0
Диван Орнен Velvet Grey,0
Диван угловой Плэнтис Velvet Grafit,0
Диван Хевит Barhat Latte,0
Диван Фабиус Light Grey,0
Диван Динс Мини Barhat Emerald,0
Диван угловой Напа Velvet Ocean,0
Диван Кита Textile Mint,0
Диван Джуна Velvet Latte,0
Диван Анта Velvet Silver,0
Диван Монреаль Zamsha Grey,0
Диван Ваймон Velvet Light,0
Диван угловой Джерси Velvet Grafit,0
Диван угловой Торин Light,0
Диван Ситено Мини Velvet Grafit,0
Диван Лоелс Happy Emerald,0
Диван Монреаль Палермо Mustard,0
Диван Каир Textile Brown,0
Диван Вероли Velvet Corall,0
Модульный диван Винсор-3 Velvet Terra,0
Диван угловой Льери Velvet Ocean,0
Диван Хевит Barhat Salmon,0
Диван Кайрон Velvet Coral,0
Диван Честер-3 Velvet Latte,0
Диван Сайле Soft Light,0
Кушетка Манс Barhat Mint,0
Диван Нодис Happy Grey,0
Модульный диван Динс-2 Velvet Emerald,0
Диван Эдрил Barhat Salmon,0
Диван Ксанти Happy Grafit,0
Диван Виас Velvet Navy Blue,0
Диван Виена Velvet Pink,0
Диван Вернон Velvet Ocean,0
Диван Дара Happy Yellow,0
Диван угловой Гритон Textile Beige,0
Модульный диван Крокус-1 Black,0
Диван угловой Дисент-2 Land Terra,0
Диван Менли Velvet Yellow,0
Диван Ситено Мини Barhat Emerald,0
Диван угловой Эби-2 Happy Mint,0
Диван Анта Velvet Grafit,0
Диван Илар Velvet Latte,0
Диван Слипсон Мини Gene Emerald,0
Диван Кускен Smart Tango,0
Диван Шенто Barhat Mint,0
Диван угловой Плэнтис Velvet Emerald,0
Диван угловой Дисент-2 Velvet Grey,0
Диван угловой Корс Velvet Grey,0
Диван Динен Velvet Black,0
Диван Хоуп Velvet Latte,0
Диван Лилле Velvet Grey,0
Кушетка Мона Barhat Grey,0
Диван угловой Джерси Velvet Plum,0
Диван Остин 160 Velvet Blue,0
Кушетка Ситено Barhat Emerald,0
Диван Плиди Happy Yellow,0
Диван Сите-3 Barhat Olive,0
Кушетка Эдрил Velvet Navy Blue,0
Диван Кайрон Velvet Grafit,0
Диван Динс Textile Blue,0
Диван угловой Милбург Textile Ocean,0
Диван угловой Дисент-2 Land Light,0
Диван угловой Менли Velvet Grey,0
Диван Старк 160 Velvet Grey,0
Кушетка Балио Velvet Emerald,0
Кушетка Дилси Barhat Beige,0
Диван угловой Плиди Grafit,0
Диван Эннис Textile Grey,0
Диван Саннес Textile Grafit,0
Кушетка Норфолк Velvet Yellow,0
Диван Коренс-3 Happy Ocean,0
Диван Бастон-2 Brown,0
Диван Мосс Happy Mint,0
Модульный диван Динс Sherst Blue,0
Диван Дара Happy Light,0
Диван Бонс-Т Happy Deep Ocean,0
Диван Флори Textile Grey,0
Диван Хевит Barhat Beige,0
Диван Шилдс Soft Grey,0
Диван Шенто Barhat Light,0
Диван Мисл Barhat Ginger,0
Диван Гритон Textile Yellow,0
Диван Белисса Velvet Beige,0
Диван Дания-3 Barhat Lime,0
Диван угловой Дарол Gene Plum,0
Диван Рон Navy Blue,0
Диван Лофт Gene Navy Blue,0
Диван Офра Happy Light,0
Диван Аруби Velvet Ocean,0
Диван Эби Happy Yellow,0
Диван Поли Velvet Grafit,0
Диван Медиус-2 Beige,0
Диван угловой Плэнтис Velvet Grey,0
Диван Бонс Textile Cream,0
Диван угловой Динс Textile Light,0
Кушетка Норфолк Velvet Beige,0
Модульный диван Монреаль-4 Палермо Mustard,0
Диван угловой Сваут Barhat Mint,0
Диван Крокус-2 Latte,0
Диван Эби Bucle Milk,0
Диван Сан-Паулу Velvet Latte,0
Кушетка Динс Textile Ocean,0
Диван Остин 160 Velvet Grey,0
Кушетка Астер Textile Sky,0
Диван Дублин-3 Happy Grafit,0
Кушетка Мона Barhat Amber,0
Диван Марси Velvet Emerald,0
Диван Данста Velvet Light,0
Диван Стаус Velvet Blue,0
Диван Ситено Мини Velvet Pink,0
Диван Байвин Soft Light,0
Диван Дублин-3 Happy Grey,0
Диван Этро Velvet Corall,0
Диван Лисмос Grafit,0
Диван Лайтси Velvet Green,0
Модульный диван Монреаль-1 Ocean,0
Диван Этро Velvet Ocean,0
Диван Мурано Velvet Emerald,0
Диван Берг Velvet Emerald,0
Модульный диван Монреаль-3 Палермо Navy Blue,0
Диван Кантри Velvet Blue,0
Диван Анта Velvet Latte,0
Диван угловой Инарт Happy Latte,0
Диван Нумо Velvet Emerald,0
Диван Кускен Textile Grey,0
Диван Поли Soft Mint,0
Диван Вернон 160 Velvet Corall,0
Диван угловой Лофт Velvet Yellow,0
Диван угловой Напа Velvet Corall,0
Диван Дисент Velvet Ocean,0
Диван Ситено Мини Velvet Olive,0
Диван Марси Velvet Ocean,0
Диван Динен Velvet Silver,0
Кушетка Балтик Textile Lime,0
Диван Велайт Velvet Emerald,0
Диван Брент Velvet Stone,0
Диван Мисл Barhat Emerald,0
Диван Мосс Happy Grey,0
Диван угловой Порту Textile Latte,0
Диван Лиент Velvet Yellow,0
Кушетка Ситено Barhat Blue,0
Диван Мосс Happy Ocean,0
Диван Карлос-2 Latte,0
Диван Флори Textile Grafit,0
Диван Лекстон Velvet Grey,0
Диван Мисл Happy Grey,0
Диван угловой Байвин-2 Soft Ocean,0
Диван Орнен Barhat Emerald,0
Диван Бонс Textile Grey,0
Диван угловой Амрано Velvet Latte,0
Диван Ольен Happy Yellow,0
Кушетка Манс Barhat Forest,0
Диван Слипсон Мини Happy Mint,0
Диван Сан-Паулу Milk,0
Диван Маре Мини Velvet Grafit,0
Диван угловой Спейс-1 Happy Grey,0
Кушетка Ситено Velvet Light,0
Модульный диван Динс-2 Velvet Light,0
Диван Поли Velvet Pink,0
Диван Дель Velvet Latte,0
Диван Слипсон Smart Blue,0
Диван Кускен Tiger Yellow,0
Диван Кела Мини Velvet Green,0
Диван Марси Barhat Mint,0
Диван Роттердам-3 Barhat Mint,0
Диван Флори Textile Ocean,0
Диван Соланс Velvet Beige,0
Диван Остин Velvet Emerald,0
Диван Эдрил Barhat Blue,0
Диван Соланс Velvet Emerald,0
Диван угловой Льери Velvet Emerald,0
Модульный диван Полан-5 Velvet Cloud Grey,0
Модульный диван Этен 3 Time Grey,0
Диван Дания-2 Barhat Grey,0
Кушетка Магни Textile Ocean,0
Диван Кайли Velvet Grey,0
Диван Берг Velvet Pink,0
Диван Эби Мини Happy Grey,0
Диван угловой Эби-2 Gene Ocean,0
Диван Мосс 160 Happy Mint,0
Диван Фолс Velvet Mustard,0
Диван угловой Милбург Textile Light,0
Диван Данста Velvet Terra,0
Диван Берг Velvet Latte,0
Диван Шилдс Happy Yellow,0
Диван Мосс 160 Happy Yellow,0
Диван Напа Velvet Corall,0
Диван Ганновер Pearl,0
Модульный диван Полан-5 Velvet Mint,0
Диван Ридан Velvet Grey,0
Модульный диван Риббл-1 Bucle Blue,0
Диван Маре Мини Velvet Sky,0
Диван Кайли Velvet Ocean,0
Кушетка Балтик Textile Sky,0
Диван угловой Менли Velvet Ocean,0
Диван угловой Спейс-2 Happy Light,0
Диван Сайле Barhat Emerald,0
Диван угловой Мисл-1 Barhat Ginger,0
Модульный диван Динс Velvet Navy Blue,0
Диван Рузвельт Brown,0
Диван Мона Barhat Green,0
Модульное кресло Полан Velvet Mint,0
Диван Лекстон Velvet Yellow,0
Диван угловой Манхэттен Velvet Grey,0
Диван Ксанти Happy Emerald,0
Диван Ридан Barhat Night,0
Диван Льери Barhat Gold,0
Модульный диван Полан-5 Velvet Provance,0
Диван угловой Сайле Barhat Emerald,0
Диван Слипсон Мини Happy Yellow,0
Диван Мейсон Velvet Light,0
Кушетка Динс Velvet Navy Blue,0
Диван Порту Textile Grey,0
Диван Соланс Velvet Deep Ocean,0
Модульный диван Этен 1 Time Grey,0
Диван Сите-3 Barhat Grey,0
Диван Кареро Bucle Lilak,0
Модульный диван Винсор-3 Velvet Brown,0
Модульный диван Риббл-3 Bucle White,0
Диван Нумо Time Mint,0
Диван Дания-2 Barhat Beige,0
Диван угловой Джоин Velvet Emerald,0
Диван угловой Санту-1 Textile Grey,0
Диван Лекстон Velvet Grafit,0
Диван Стокгольм 210,0
Диван угловой Виена Velvet Eclipse,0
Кушетка Дилси Barhat Grey,0
Кушетка Форни Barhat Latte,0
Диван Торонто Velvet Mint,0
Диван Карлос-2 Red,0
Диван Слипсон Мини Happy Ocean,0
Диван Шенто Gene Ocean,0
Модульный диван Винсор-1 Velvet Smoke,0
Диван Эвора 117/1,0
Диван Шери Happy Emerald,0
Диван угловой Лофт Velvet Grey,0
Диван угловой Плэнтис Velvet Light,0
Модульный диван Крокус-2 Beige,0
Модульный диван Полан-2 Velvet Pink,0
Диван угловой Мидгард Zamsha Grey,0
Модульный диван Винсор-2 Velvet Galaxy,0
Диван Мона Barhat Blue,0
Диван Роттердам-3 Ocean,0
Диван Динс Velvet Emerald,0
Кушетка Балио Velvet Milk,0
Диван Вилс Beige,0
Диван Ситено Мини Velvet Emerald,0
Диван Винси Soft Ocean,0
Модульный диван Риббл-3 Bucle Violet,0
Диван Стаус Velvet Latte,0
Диван Нумо Мини Gene Ocean,0
Кушетка Балтик Textile Ocean,0
Диван Коренс Happy Light,0
Диван Дания-3 Barhat Rain,0
Кушетка Лори Textile Grey,0
Диван Динс Velvet Navy Blue,0
Модульный диван Динс-1 Velvet Emerald,0
Диван угловой Ситено Barhat Mint,0
Диван угловой Аиленд Soft Latte,0
Кушетка Динс Velvet Emerald,0
Диван Виена Velvet Blue,0
Диван Илар Velvet Silver,0
Диван Соланс Velvet Grafit,0
Диван Кантри Velvet Mustard,0
Диван Ларонсо Velvet Terra,0
Модульный диван Динс-2 Sherst Grey,0
Диван Масио 160 Velvet Plum,0
Кушетка Летто Textile Ocean,0
Диван Илар Velvet Beige,0
Модульный диван Полан-3 Velvet Cloud Grey,0
Диван Шарп 160 Velvet Mint,0
Кушетка Дилси Barhat Mint,0
Диван угловой Дисент-2 Velvet Terra,0
Кушетка Магни Latte,0
Диван Ларонсо Bucle White,0
Диван Лачи Velvet Navy Blue,0
Диван Шенто Barhat White,0
Кушетка Эдрил Velvet Yellow,0
Модульный диван Монреаль-3 Премиум Barhat Blue,0
Диван Дисент Velvet Grey,0
Диван угловой Инарт Happy Light,0
Диван Миннесота Textile Lime,0
Диван угловой Виена Velvet Terra,0
Кушетка Динс Velvet Grey,0
Диван угловой Спейс-2 Soft Ocean,0
Диван Спейс Soft Yellow,0
Диван угловой Порту Textile Grey,0
Диван Илар Velvet Blue,0
Диван угловой Мисл-1 Barhat Emerald,0
Диван Вернон 160 Velvet Mustard,0
Диван Ситено Мини Velvet Yellow,0
Диван Коро Velvet Ocean,0
Диван Сайле Soft Latte,0
Диван Лисмос Grey,0
Диван Эби Мини Gene Emerald,0
Диван Медиус-3 White,0
Диван Виас Velvet Latte,0
Модульный диван Динс-1 Velvet Yellow,0
Диван Шилдс Soft Mint,0
Диван угловой Динс Sherst Blue,0
Диван Шарп 160 Happy Ocean,0
Диван Ситено Time Blue,0
Диван угловой Амрано Velvet Grafit,0
Диван Вернон Velvet Emerald,0
Диван угловой Милбург Textile Yellow,0
Диван Поли Velvet Grey,0
Диван Шилдс Soft Pink,0
Диван угловой Спейс-2 Happy Grey,0
Диван Сан-Паулу Black,0
Диван Бастон-2 Light,0
Диван Остин 160 Velvet Emerald,0
Диван угловой Мисл-1 Soft Grey,0
Диван Эннис Textile Sky,0
Диван Вилс Brown,0
Диван Ганновер Latte,0
Кушетка Норфолк Velvet Olive,0
Диван Вероли Velvet Mint,0
Диван Масио Velvet Plum,0
Диван Кареро Velvet Light,0
Диван Динен Barhat Emerald,0
Диван Шарп Happy Ocean,0
Диван Честер-3 Velvet Blue,0
Диван Байвин Soft Olive,0
Диван Рузвельт White,0
Диван Мисл Smart Yellow,0
Диван Бонс Textile Grafit,0
Диван угловой Мурано Velvet Emerald,0
Диван Льери Barhat Blue,0
Модульный диван Монреаль-2 Премиум Barhat Blue,0
Диван Каир Textile Grey,0
Диван Санту Textile Ocean,0
Диван угловой Мурано Velvet Latte,0
Диван Эннис Textile Mint,0
Диван Ольен Мини Happy Light,0
Диван угловой Спейс-1 Soft Grey,0
Диван Кускен Velvet Yellow,0
Диван Шарп 160 Velvet Light,0
Модульный диван Винсор-3 Velvet Smoke,0
Диван Поли Velvet Emerald,0
Диван Нумо Time Blue,0
Диван Честер-2 Lambre Grey,0
Диван Роттердам-3 Velvet Grey,0
Диван угловой Астер Textile Sky,0
Диван Марси Textile Grey,0
Модульный диван Монреаль-4 Палермо Navy Blue,0
Диван Саннес Textile Silver,0
Диван Ридан Velvet Yellow,0
Диван угловой Астер Textile Grey,0
Диван Данста Velvet Grey,0
Диван Виена Velvet Terra,0
Диван Рон Textile Cream,0
Диван угловой Санту-2 Textile Grafit,0
Модульный диван Динс-2 Textile Ocean,0
Диван угловой Дарол Textile Yellow,0
Модульный диван Крокус-1 Beige,0
Диван Мейсон Velvet Yellow,0
Диван Монти 160,0
Диван Анта Velvet Beige,0
Диван угловой Ротшильд Bordo,0
Диван Роттердам Barhat Ginger,0
Диван Лиент Velvet Grey,0
Диван Милкен Velvet Yellow,0
Диван Виена Velvet Light,0
Диван Ситено Мини Barhat Grey,0
Диван Данста Velvet Atlantic,0
Кушетка Балио Velvet Grey,0
Диван Винси Textile Grey,0
Диван Тилар Bucle White,0
Модульный диван Динс-2 Velvet Grey,0
Диван Этро Velvet Grey,0
Диван Эдрил Barhat Amber,0
Диван Ваймон Velvet Olive,0
Диван Кускен Chess Black,0
Диван угловой Спейс-2 Soft Grey,0
Диван угловой Динс Sherst Grey,0
Диван угловой Напа Velvet Emerald,0
Диван Медиус-2 Black,0
Диван Винси Textile Beige,0
Диван Сан-Паулу Velvet Grafit,0
Диван Кайли Velvet Blue,0
Диван Шарп Velvet Grey,0
Диван Ксанти Happy Yellow,0
Кушетка Летто Textile Light,0
Модульный диван Полан-1 Velvet Provance,0
Диван Вернон 160 Velvet Blue,0
Диван Плиди Happy Ocean,0
Кушетка Балио Velvet Ocean,0
Диван Ваймон Velvet Coral,0
Диван Вероли Velvet Emerald,0
Кушетка Динс Velvet Grafit,0
Диван Роттердам-3 Velvet Yellow,0
Диван угловой Дарол Textile Ocean,0
Диван Дания-3 Barhat Beige,0
Диван Торонто 160 Velvet Light,0
Диван Слипсон Happy Ocean,0
Диван Лекстон Velvet Pink,0
Диван угловой Дарол Time Yellow,0
Модульный диван Монреаль-2 Grafit,0
Диван Осло-2 Red,0
Модульный диван Монреаль-2 Zamsha Grey,0
Диван Фида Velvet Grey,0
Диван Шенто Barhat Navy Blue,0
Диван угловой Милбург Textile Blue,0
Диван угловой Порту Textile Blue,0
Модульный диван Монреаль-1 Премиум Barhat Grey,0
Диван Менли Velvet Ocean,0
Диван Осло-2 Beige,0
Диван Кайли Velvet Light,0
Кушетка Форни Barhat Amber,0
Диван Кареро Bucle Beige,0
Диван Данста Velvet Beige,0
Диван Кайли Velvet Yellow,0
Диван Честер-3 Barhat Salmon,0
Диван Рон Textile Grey,0
Кушетка Манс Barhat Grey,0
Диван угловой Амрано Velvet Grey,0
Диван Поли Honey Yellow,0
Модульный диван Полан-4 Velvet Cloud Grey,0
Диван угловой Спейс-2 Happy Ocean,0
Диван Стаус Velvet Beige,0
Диван Кареро Velvet Yellow,0
Кушетка Дилси Barhat Green,0
Кушетка Балтик Textile Beige,0
Модульный диван Риббл-5 Bucle White,0
Диван Фолс 160 Velvet Ocean,0
Диван Брент Velvet Emerald,0
Кушетка Норфолк Velvet Melon,0
Диван угловой Плиди Velvet Crimson,0
Диван Брент Velvet Grey,0
Диван Лонди Cozy Milk,0
Диван Хоуп Velvet Emerald,0
Кушетка Берил Barhat Emerald,0
Диван Эби Мини Happy Grafit,0
Диван угловой Байвин-1 Soft Grey,0
Диван Фолс 160 Velvet Grey,0
Диван Лайтси Velvet Pink,0
Модульный диван Полан-4 Velvet Pink,0
Диван угловой Дарол Textile Beige,0
Диван угловой Байвин-2 Soft Light,0
Диван Гритон Textile Ocean,0
Модульный диван Динс Velvet Yellow,0
Диван угловой Корс Velvet Grafit,0
Модульный диван Риббл-2 Bucle Blue,0
Диван угловой Эби-2 Happy Ocean,0
Диван Коренс Happy Emerald,0
Диван Ситено Velvet Ocean,0
Кушетка Лори Textile Grafit,0
Диван угловой Корс Velvet Yellow,0
Диван Виас Velvet Emerald,0
Диван Льери Velvet Yellow,0
Диван Дара Happy Ocean,0
Диван Вилс White,0
Диван Сайле Soft Grey,0
Модульный диван Этен 4 Vertical Mix new,0
Диван Нумо Мини Sherst Blue,0
Диван Соланс Velvet Light,0
Модульный диван Монреаль-4 Премиум Barhat Blue,0
Диван Роден-3 Black,0
Кушетка Ситено Velvet Ocean,0
Диван Сите-3 Barhat Grass,0
Диван угловой Манхэттен Velvet Emerald,0
Диван Торонто Velvet Mustard,0
Диван Дублин-3 Happy Mint,0
Диван Реджио Soft Grey,0
Диван Вероли Velvet Plum,0
Диван Сите-2 Barhat Blue,0
Модульное кресло Полан Velvet Green,0
Модульный диван Полан-3 Velvet Beige,0
Диван угловой Байвин-2 Soft Latte,0
Модульный диван Винсор-2 Velvet Smoke,0
Модульный диван Динс-1 Sherst Blue,0
Диван Вернон Velvet Corall,0
Модульный диван Риббл-2 Bucle Violet,0
Диван Китис Velvet Grey,0
Модульный диван Риббл-4 Bucle Blue,0
Диван угловой Дарол Time Light,0
Диван Флори Textile Navy Blue,0
Диван Медиус-3 Latte,0
Диван угловой Дисент-2 Land Latte,0
Диван Динен Velvet Coral,0
Диван Бриес Barhat Emerald,0
Диван Лекстон Velvet Emerald,0
Диван Офра Happy Grafit,0
Диван Ситено Мини Smart Yellow,0
Диван Стаус Velvet Pink,0
Диван Нумо Мини Velvet Beige,0
Диван Марси Barhat Salmon,0
Кушетка Магни Textile Yellow,0
Диван угловой Льери Velvet Grey,0
Диван Роттердам-3 Velvet Black,0
Кушетка Лори Textile Forest,0
Диван Коро Velvet Yellow,0
Диван угловой Астер Textile Blue,0
Диван угловой Милбург Textile Grafit,0
Диван Дублин Happy Mint,0
Диван угловой Плиди Ocean,0
Диван Маре Мини Velvet Silver,0
Диван Шарп Velvet Beige,0
Модульный диван Риббл-5 Bucle Violet,0
Диван Динс Sherst Grey,0
Диван угловой Виена Velvet Beige,0
Диван угловой Маркфул Barhat Emerald,0
Диван Крокус-2 Beige,0
Диван Китис Velvet Ocean,0
Диван Брент Velvet Terra,0
Диван Велайт Velvet Light,0
Диван Лофт Gene Emerald,0
Диван Банта Bucle Eclipse,0
Диван Кареро Velvet Grafit,0
Диван Бриес Barhat Salmon,0
Диван угловой Корс Velvet Latte,0
Диван Банта Bucle Mint,0
Модульный диван Винсор-3 Velvet Beige,0
Диван Лориш Ocean,0
Модульный диван Полан-1 Velvet Pink,0
Диван Ольен Мини Happy Emerald,0
Диван Напа Velvet Emerald,0
Диван Сваут Barhat Emerald,0
Диван угловой Слипсон Grafit,0
Диван Масио 160 Velvet Emerald,0
Диван Шенто Barhat Silver,0
Диван Белисса Velvet Mustard,0
Диван Остин Velvet Brown,0
Диван Шилдс Happy Deep Ocean,0
Модульный диван Полан-1 Velvet Cloud Grey,0
Диван Эби Happy Light,0
Диван Кайрон Velvet Stone,0
Диван Викс Textile Ocean,0
Модульный диван Полан-1 Velvet Green,0
Диван Артилс Velvet Grafit,0
Диван Маркфул Barhat Blue,0
Диван угловой Джоин Velvet Blue,0
Диван Орнен Velvet Mustard,0
Диван угловой Дарол Gene Grey,0
Диван Дисент Land Latte,0
Диван Сайле Smart Tweed,0
Диван Монреаль Палермо Navy Blue,0
Диван Маре Мини Velvet Mint,0
Диван Лисмос Navy Blue,0
Диван угловой Мейсон Dusty Blue,0
Диван Ситено Мини Velvet Beige,0
Диван Карлос-2 Black,0
Диван Бонс-Т Happy Yellow,0
Диван Динс Мини Velvet Ocean,0
Диван Шенто Barhat Mint,0
Кушетка Эдрил Velvet Green,0
Диван Банта Bucle Beige,0
Диван Каир Velvet Milk,0
Диван Карлос-3 Light,0
Диван угловой Спейс-1 Soft Beige,0
Модульный диван Полан-5 Velvet Pink,0
Диван угловой Эби-2 Happy Grafit,0
Диван Спейс Happy Grey,0
Диван Эрвика Velvet Emerald,0
Диван Дания-3 Barhat Ginger,0
Диван Нодис Happy Yellow,0
Диван Ситено Barhat Amber,0
Диван угловой Нумо Time Mint,0
Диван Бастон-3 Light,0
Модульный диван Полан-1 Velvet Mint,0
Диван угловой Сайле Barhat Amber,0
Модульный диван Полан-4 Velvet Mint,0
Диван Роттердам-3 Velvet Blue,0
Диван угловой Джерси Velvet Mustard,0
Диван Нумо Мини Time Blue,0
Диван угловой Мурано Velvet Grey,0
Диван угловой Напа Velvet Light,0
Диван Самми Barhat Salmon,0
Диван угловой Аиленд Soft Ocean,0
Диван Марси Textile Yellow,0
Диван Кареро Bucle White,0
Диван Ситено Мини Velvet Coral,0
Диван Соланс Velvet Grey,0
Диван Саннес Textile Light,0
Диван Ольен Мини Happy Grey,0
Диван Спейс Happy Light,0
Модульный диван Динс-1 Sherst Sky,0
Диван Динс Velvet Grey,0
Диван Марси Velvet Coral,0
Диван Хевит Barhat Blue,0
Диван угловой Виена Bucle White,0
Диван угловой Манхэттен Textile Brown,0
Диван Дара Happy Grey,0
Диван Лилле Velvet Terra,0
Кушетка Балтик Textile Blue,0
Диван Эби Gene Ocean,0
Диван угловой Монсо Happy Yellow,0
Диван Мосс Happy Yellow,0
Диван Стокгольм 214,0
Модульный диван Полан-5 Velvet Coral,0
Диван Масио Velvet Light Grey,0
Диван угловой Плэнтис Velvet Terra,0
Диван Соланс Velvet Yellow,0
Модульный диван Динс Sherst Sky,0
Модульный диван Динс-2 Velvet Olive,0
Диван Дания-2 Barhat Salmon,0
Диван Плиди Happy Grey,0
Диван Ольен Happy Grey,0
Диван Фабиус Orange,0
Диван угловой Астер Textile Lime,0
Модульный диван Винсор-1 Velvet Brown,0
Диван Берг Velvet Grafit,0
Диван Тилар Textile Ocean,0
Диван Осло-2 White,0
Диван Бонс Textile Light,0
Диван Марси Textile Ocean,0
Диван Дель Velvet Navy Blue,0
Диван Хоуп Velvet Yellow,0
Диван Миннесота Textile Blue,0
Диван Спейс Buffalo Brown,0
Диван угловой Байвин-2 Soft Olive,0
Диван Слипсон Grafit,0
Диван угловой Эби-2 Happy Light,0
Диван Самми Barhat Beige,0
Диван Монреаль Ocean,0
Диван Старк Velvet Yellow,0
Диван угловой Сайле Barhat Salmon,0
Диван Кела Мини Velvet Grey,0
Диван угловой Виена Velvet Grey,0
Диван Сан-Паулу Velvet Beige,0
Диван Санту Textile Plum,0
Кушетка Норфолк Velvet Grafit,0
Диван Иноле Soft Navy Blue,0
Диван Мосс 160 Happy Grey,0
Диван Динс Мини Velvet Plum,0
Диван Анта Velvet Yellow,0
Диван Ксанти Happy Grafit,0
Диван угловой Джоин Velvet Ocean,0
Диван Спейс Happy Ocean,0
Диван Милкен Textile Mint,0
Диван Линкольн Latte,0
Диван Шилдс Happy Emerald,0
Кушетка Ситено Barhat Mint,0
Диван Эби Мини Happy Ocean,0
Кушетка Норфолк Ocean,0
Модульный диван Полан-4 Velvet Green,0
Модульный диван Динс-2 Velvet Navy Blue,0
Диван Дисент Land Terra,0
Диван Шенто Barhat Salmon,0
Кушетка Астер-3 Textile Latte,0
Модульный диван Винсор-3 Velvet Gold,0
Диван Велайт Velvet Coral,0
Кушетка Форни Barhat Mint,0
Диван Мосс 160 Happy Ocean,0
Диван Мосс Happy Grafit,0
Диван Этро Velvet Emerald,0
Модульный диван Винсор-3 Velvet Galaxy,0
Диван Поли Velvet Yellow,0
Диван Мосс Happy Pink,0
Модульный диван Монреаль-4 Ocean,0
Диван Гритон Мини Textile Light,0
Диван Мосс 160 Happy Grafit,0
Диван Динс Мини Velvet Ocean,0
Диван Мурано Velvet Ocean,0
Диван Мосс 160 Happy Beige,0
Диван Велайт Barhat Mint,0
Диван Вероли Velvet Sky,0
Диван Винси Textile Plum,0
Диван угловой Спейс-2 Soft Beige,0
Диван Байвин Soft Latte,0
Диван угловой Монти 156,0
Диван угловой Лофт Velvet Green,0
Диван Старк 160 Velvet Yellow,0
Диван Милкен Textile Cream,0
Кушетка Дилси Barhat Umber,0
Диван Айверс Textile Ocean,0
Диван Эби Happy Grafit,0
Диван Торонто Velvet Light,0
Диван Орнен Velvet Beige,0
Диван Этро Velvet Blue,0
Модульный диван Риббл-3 Bucle Blue,0
Диван Милкен Smart Tango,0
Диван Мурано Velvet Grey,0
Диван Мисл Barhat Melon,0
Диван Сайле Barhat Blue,0
Диван угловой Монти 155,0
Диван Аруби Velvet Grey,0
Диван Динс Мини Velvet Yellow,0
Диван Дания-3 Barhat Grey,0
Диван Роден-3 Red,0
Диван Вернон 160 Velvet Light,0
Диван угловой Байвин-1 Soft Ocean,0
Диван Ситено Velvet Light,0
Диван Мона Barhat Grey,0
Диван Винси Textile Grafit,0
Диван Велайт Barhat Ocean,0
Модульный диван Динс Textile Blue,0
Диван Плиди Happy Emerald,0
Диван Сите-3 Barhat Rain,0
Модульный диван Монреаль-1 Палермо Navy Blue,0
Диван угловой Байвин-1 Soft Light,0
Диван Марси Velvet Blue,0
Модульное кресло Полан Velvet Pink,0
Диван Фида Velvet Grafit,0
Диван Эрвика Velvet Terra,0
Модульный диван Монреаль-1 Zamsha Brown,0
Диван Эвора 128,0
Диван Ваймон Velvet Mint,0
Диван Лофт Velvet Yellow,0
Диван Берг Velvet Grey,0
Кушетка Норфолк Barhat Grey,0
Диван Кареро Velvet Atlantic,0
Диван Кела Мини Velvet Light,0
Диван Котн Textile Brown,0
Диван угловой Амрано Velvet Blue,0
Диван Кита Textile Sky,0
Диван Мисл Barhat Salmon,0
Диван Монти 157/1,0
Диван Медиус-2 White,0
Кушетка Ситено Barhat Amber,0
Диван угловой Слипсон Grey,0
Модульный диван Этен 4 Gene Grafit,0
Диван Орнен Barhat Rose,0
Диван угловой Менли Velvet Light,0
Диван Маре Мини Velvet Yellow old,0
Модульный диван Динс Sherst Grey,0
Кушетка Балтик Textile Grey,0
Диван Фида Velvet Navy Blue,0
Диван Спейс Soft Ocean,0
Диван угловой Джерси Velvet Ocean,0
Диван Вероли Velvet Grafit,0
Диван угловой Дисент-2 Velvet Eclipse,0
Диван угловой Слипсон Emerald,0
Кушетка Магни Textile Light,0
Диван Офра Happy Mint,0
Диван угловой Сайле Barhat Blue,0
Диван Нумо Мини Time Pink,0
Диван угловой Ситено Barhat Emerald,0
Диван угловой Эби-2 Happy Grey,0
Диван угловой Дарол Time Blue,0
Диван Плиди Happy Mint,0
Модульный диван Этен 1 Vertical Mix new,0
Диван угловой Мейсон Lime,0
Диван угловой Милбург Textile Beige,0
Диван Лачи Velvet Grey,0
Диван Плиди Velvet Crimson,0
Диван Ридан Barhat Stone,0
Модульный диван Винсор-2 Velvet Beige,0
Диван Мисл Buffalo Brown,0
Диван Линкольн White,0
Кушетка Норфолк Velvet Grey,0
Кушетка Форни Barhat Salmon,0
Диван Ридан Barhat Emerald,0
Диван Виас Velvet Grafit,0
Диван угловой Байвин-1 Soft Latte,0
Диван Китис Velvet Yellow,0
Диван Этро Velvet Beige,0
Диван Шери Happy Grafit,0
Диван Динен Velvet Navy Blue,0
Диван Ситено Мини Velvet Silver,0
Диван угловой Мидгард Textile Cream,0
Диван Миннесота Textile Grey,0
Диван Гритон Textile Beige,0
Модульный диван Этен 3 Vertical Light,0
Диван Вероли Velvet Light,0
Диван Напа Velvet Ocean,0
Диван Винси Textile Ocean,0
Диван угловой Эби-1 Happy Grey,0
Диван угловой Монти 157/1,0
Диван Лофт Linia Emerald,0
Модульный диван Полан-3 Velvet Mint,0
Кушетка Манс Barhat Umber,0
Кушетка Мона Barhat Green,0
Диван Сите-2 Barhat Grey,0
Диван угловой Дисент-2 Velvet Emerald,0
Диван Марси Velvet Yellow,0
Диван Ситено Barhat Mint,0
Диван Мейсон Velvet Emerald,0
Диван Сайле Smart SkyFall,0
Кушетка Норфолк Velvet Pink,0
Диван угловой Санту-1 Textile Grafit,0
Диван Роден-3 White,0
Диван Динен Soft Mint,0
Модульный диван Монреаль-3 Zamsha Grey,0
Диван Кускен Smart Blue,0
Диван Крокус-3 Latte,0
Диван Сайле Soft Navy Blue,0
Диван Ольен Vertical Jeans,0
Диван Хоуп Velvet Crimson,0
Диван Ганновер Rozetta,0
Модульное кресло Полан Velvet Cloud Grey,0
Модульный диван Винсор-2 Velvet Gold,0
Диван угловой Саффолк Velvet Blue,0
Диван Анта Velvet Blue,0
Диван угловой Ситено Time Salmon,0
Диван Менли Velvet Latte,0
Диван Плиди Happy Light,0
Диван Милкен Textile Grey,0
Диван Шарп 160 Happy Yellow,0
Диван Стокгольм 212,0
Диван Динен Velvet Emerald,0
Диван Ваймон Velvet Plum,0
Диван угловой Санту-2 Textile Grey,0
Диван Роттердам Velvet Green,0
Диван угловой Манхэттен Velvet Grey,0
Модульный диван Динс-1 Velvet Light,0
Диван Менли Velvet Navy Blue,0
Диван Стокгольм 211,0
Диван Белисса Velvet Emerald,0
Модульный диван Динс Velvet Olive,0
Диван Самми Barhat Mint,0
Диван Лекстон Velvet Navy Blue,0
Диван Каир Velvet Green,0
Диван угловой Монсо Happy Grafit,0
Диван Сваут Barhat Blue,0
Диван Честер-3 Sherst Sky,0
Диван угловой Ротшильд Light,0
Диван Динс Мини Velvet Pink,0
Диван Ксанти Happy Grey,0
Диван Марси Velvet Beige,0
Диван угловой Манхэттен Velvet Crimson,0
Модульный диван Динс Velvet Grey,0
Модульный диван Этен 2 Vertical Mix new,0
Диван Льери Velvet Grey,0
Диван Айверс Textile Green,0
Диван Орнен Velvet Corall,0
Диван Остин 160 Velvet Yellow,0
Диван угловой Мейсон Velvet Blue,0
Модульный диван Динс Velvet Emerald,0
Диван угловой Плэнтис Velvet Eclipse,0
Диван Бастон-3 Grey,0
Диван Сан-Паулу Velvet Latte,0
Диван Анта Velvet Grey,0
Диван Динен Velvet Grey,0
Кушетка Манс Barhat Salmon,0
Диван Орнен Velvet Blue,0
Диван угловой Ситено Velvet Ocean,0
Диван Тилар Cozy White,0
Модульный диван Монреаль-1 Палермо Gris,0
Диван Берг Lozenge Green,0
Диван угловой Эдинбург Beige,0
Диван Джуна Velvet Grey,0
Диван Динен Velvet Grafit,0
Модульный диван Монреаль-2 Премиум Barhat Mint,0
Кушетка Форни Barhat Ocean,0
Диван Остин Velvet Grey,0
Диван Масио Velvet Coral,0
Диван Виена Velvet Atlantic,0
Диван Мисл Soft Grey,0
Диван Честер-2 Sherst Sky,0
Диван Мурано 160 Velvet Latte,0
Диван угловой Сваут Velvet Light,0
Диван Ольен Мини Happy Ocean,0
Диван Кела Мини Velvet Milk,0
Диван Крокус-2 White,0
Диван Вернон Velvet Grey,0
Диван Ксанти Happy Ocean,0
Диван Мейсон Velvet Light Grey,0
Кушетка Магни Red,0
Диван Динен Velvet Ocean,0
Диван угловой Мейсон Light,0
Диван угловой Инарт Happy Grafit,0
Диван Эрвика Velvet Yellow,0
Диван угловой Медиус Latte,0
Диван Эби Мини Happy Mint,0
Модульный диван Монреаль-3 Ocean,0
Диван Шенто Barhat Grey,0
Диван Динен Velvet Beige,0
Диван угловой Сваут Velvet Emerald,0
Модульный диван Монреаль-4 Премиум Barhat Grey,0
Диван Бонс Textile Ocean,0
Диван Байвин Soft Grey,0
Кушетка Мона Barhat Latte,0
Диван Дисент Land Forest,0
Диван Ваймон Velvet Yellow,0
Диван угловой Лофт Velvet Grafit,0
Диван Бриес Barhat Mint,0
Диван Милкен Velvet Lime,0
Диван угловой Мейсон Yellow,0
Диван Лачи Velvet Ocean,0
Диван Орнен Barhat Sky,0
Диван Бриес Barhat Blue,0
Диван угловой Торин Navy Blue,0
Диван Анта Barhat Emerald,0
Диван Бастон-3 Brown,0
Диван Старк Velvet Cocoa,0
Диван Вернон Velvet Light,0
Диван Рузвельт Pearl,0
Диван угловой Торин Dusty Blue,0
Диван Роден-2 Beige,0
Диван Нодис Happy Deep Ocean,0
Диван Мона Barhat Latte,0
Диван Бастон-2 Grey,0
Диван Ротшильд Latte,0
Диван угловой Напа Velvet Blue,0
Диван угловой Менли Velvet Latte,0
Диван угловой Байвин-2 Soft Grey,0
Диван Виена Bucle Milk,0
Диван Котн Textile Grey,0
Диван Сайле Soft Ocean,0
Диван Фида Velvet Emerald,0
Диван Ридан Barhat Gold,0
Диван Фида Velvet Yellow,0
Диван Масио 160 Velvet Coral,0
Кушетка Балио Velvet Pink,0
Диван Дисент Velvet Eclipse,0
Диван Бонс-Т Happy Emerald,0
Диван Мона Barhat Amber,0
Диван Мисл Happy Ocean,0
Диван Виена Velvet Deep Ocean,0
Кушетка Эдрил Velvet Grey,0
Диван Илар Velvet Pink,0
Диван угловой Байвин-1 Soft Olive,0
Диван Банта Bucle White,0
Диван угловой Милбург Textile Blue,0
Диван Лориш Grey,0
Диван Санту Textile Beige,0
Модульный диван Полан-1 Velvet Coral,0
Диван угловой Ситено Time Blue,0
Диван Ольен Happy Ocean,0
Диван Плиди Happy Grafit,0
Кушетка Норфолк Velvet Latte,0
Кушетка Форни Barhat Latte,0
Диван Рузвельт Lavender,0
Модульный диван Монреаль-4 Zamsha Grey,0
Диван Офра Happy Yellow,0
Диван Фолс 160 Velvet Mustard,0
Диван Карлос-3 Latte,0
Диван угловой Льери Velvet Yellow,0
Диван Нумо Мини Time Mint,0
Диван угловой Санту-1 Textile Ocean,0
Диван Дублин Happy Grey,0
Кушетка Норфолк Velvet Green,0
Диван Соланс Velvet Terra,0
Диван Дисент Velvet Terra,0
Диван Шарп Velvet Mint,0
Модульный диван Динс-2 Sherst Sky,0
Диван Ксанти Happy Mint,0
Диван Сите-2 Barhat Rain,0
Диван Динс Chess Black,0
Диван угловой Льери Barhat Blue,0
Диван Мейсон Velvet Plum,0
Модульный диван Монреаль-2 Zamsha Brown,0
Диван Кускен Smart SkyFall,0
Диван Дублин-3 Happy Yellow,0
Диван Ситено Time Salmon,0
Диван Лориш Beige,0
Диван Сан-Паулу Velvet Light,0
Диван Гритон Textile Grey,0
Диван Старк 160 Velvet Brown,0
Диван Эрвика Velvet Grey,0
Диван Дисент Velvet Stone,0
Диван Белисса Velvet Ocean,0
Модульный диван Полан-2 Velvet Cloud Grey,0
Диван Самми Barhat Blue,0
Кушетка Норфолк Sherst Grey,0
Диван Крокус-3 Black,0
Кушетка Норфолк Sherst Blue,0
Диван Роттердам-3 Tesla Grey,0
Диван Миннесота Textile Beige,0
Модульный диван Динс-1 Velvet Olive,0
Диван Виас Velvet Grey,0
Диван Шенто Barhat Ginger,0
Диван угловой Корс Velvet Emerald,0
Диван Маре Мини Velvet Beige,0
Кушетка Лори Textile Blue,0
Диван угловой Мисл-1 Barhat Salmon,0
Модульный диван Динс-1 Sherst Grey,0
Диван Мейсон Velvet Ocean,0
Кушетка Эдрил Velvet Latte,0
Диван Динс Мини Velvet Corall,0
Диван Санту Textile Grey,0
Диван Шилдс Happy Light,0
Диван Масио 160 Velvet Ocean,0
Диван Китис Velvet Navy,0
Диван угловой Льери Velvet Light,0
Кушетка Астер-3 Textile Blue,0
Диван Лисмос Ocean,0
Диван Виена Velvet Eclipse,0
Кушетка Динс Velvet Yellow,0
Диван Илар Velvet Grafit,0
Диван угловой Эби-1 Happy Emerald,0
Диван Масио 160 Velvet Light Grey,0
Диван Вернон 160 Velvet Grey,0
Диван угловой Менли Velvet Navy Blue,0
Диван Торонто 160 Velvet Mint,0
Модульный диван Полан-2 Velvet Green,0
Диван Напа Velvet Grey,0
Диван угловой Сваут Velvet Grey,0
Диван Динс Textile Ocean,0
Диван угловой Верона Barhat Mint,0
Диван Ганновер Luna,0
Кушетка Дилси Barhat Rain,0
Диван Ваймон Velvet Beige,0
Диван Динен Velvet Yellow,0
Кушетка Магни Textile Grafit,0
Модульный диван Монреаль-1 Премиум Barhat Mint,0
Диван Эби Happy Bear,0
Диван угловой Инарт Happy Ocean,0
Диван Банта Bucle Lilac,0
Диван Масио Velvet Ocean,0
Диван угловой Гритон Textile Grey,0
Диван Винси Textile Yellow,0
Диван Ридан Barhat Marsala,0
Диван Лоелс Honey Yellow,0
Диван Рузвельт Blue,0
Диван Бастон-3 Black,0
Диван Саннес Textile Coral,0
Диван Честер-2 Velvet Latte,0
Диван угловой Лофт Velvet Latte,0
Диван Винси Soft Latte,0
Диван Старк Velvet Grey,0
Диван Брент Velvet Atlantic,0
Диван Ольен Happy Emerald,0
Модульный диван Монреаль-2 Палермо Mustard,0
Диван Монти 158/1,0
Кушетка Магни Textile Blue,0
Кушетка Магни Textile Grey,0
Диван Роттердам Velvet Blue,0
Диван угловой Дарол Time Grey,0
Кушетка Балтик Textile Grey,0
Диван Флори Textile Plum,0
Диван Коро Velvet Coral,0
Диван Коро Velvet Beige,0
Модульный диван Монреаль-1 Grafit,0
Диван Дель Velvet Crimson,0
Диван угловой Ситено Velvet Light,0
Диван Лоелс Happy Yellow,0
Диван Порту Textile Latte,0
Диван Кита Textile Ocean,0
Диван Мурано 160 Velvet Grafit,0
Кушетка Балтик Textile Grafit,0
Диван Дисент Velvet Light,0
Диван Орнен Barhat Marsala,0
Диван Нумо Time Brown,0
Диван Шарп 160 Velvet Blue,0
Диван Кайрон Velvet Grey,0
Диван Лайтси Velvet Emerald,0
Диван Монреаль Палермо Gris,0
Диван Монреаль Премиум Barhat Mint,0
Модульный диван Винсор-1 Velvet Gold,0
Диван угловой Санту-2 Textile Plum,0
Диван угловой Эби-1 Happy Mint,0
Диван угловой Лофт Navy Blue,0
Диван Кускен Vertiсal Ocean,0
Кушетка Астер Textile Grey,0
Диван Торонто Velvet Grey,0
Диван Роден-2 Red,0
Диван Лиент Velvet Grafit,0
Диван Дания-3 Barhat Salmon,0
Диван Льери Мини Velvet Terra,0
Модульный диван Динс-1 Velvet Navy Blue,0
Диван угловой Спейс-2 Soft Yellow,0
Диван Динс Textile Light,0
Диван Ларонсо Velvet Light,0
Диван Эвора 116,0
Диван угловой Ситено Barhat Grey,0
Диван Лайтси Velvet Navy Blue,0
Диван Берг Velvet Yellow,0
Диван Слипсон Emerald,0
Диван Ситено Мини Barhat Umber,0
Диван угловой Милбург Textile Silver,0
Диван Марси Velvet Silver,0
Диван Ридан Infinity Blue,0
Диван Льери Velvet Light,0
Диван Сайле Barhat Salmon,0
Диван Роден-2 White,0
Диван Сите-2 Barhat Olive,0
Диван Коренс Happy Ocean,0
Диван Артилс Velvet Yellow,0
Диван Лофт Linia Vanil,0
Диван Крокус-2 Black,0
Диван угловой Маркфул Barhat Blue,0
Диван Саннес Textile Ocean,0
Диван Мона Barhat Olive,0
Диван Рузвельт Black,0
Кушетка Мона Barhat Blue,0
Диван Дель Velvet Emerald,0
Диван Лоелс Happy Grafit,0
Диван Ситено Barhat Grey,0
Диван Кайрон Velvet Emerald,0
Диван Торонто 160 Velvet Brown,0
Диван Честер-3 Lambre Grey,0
Диван Виена Velvet Grey,0
Диван Роттердам-3 Velvet Lime,0
Кушетка Дилси Barhat Ocean,0
Диван Шарп 160 Velvet Beige,0
Диван Ротшильд Brown,0
Диван Роттердам Velvet Lime,0
Диван Анта Velvet Pink,0
Диван угловой Гритон Textile Yellow,0
Диван Роден-3 Brown,0
Диван Сайле Soft Olive,0
Диван Ольен Мини Happy Grafit,0
Кушетка Балтик Textile Blue,0
Диван угловой Онте Bucle Beige,0
Диван Аруби Velvet Mustard,0
Модульный диван Монреаль-2 Палермо Navy Blue,0
Диван Маркфул Barhat Emerald,0
Диван угловой Аиленд Soft Navy Blue,0
Диван угловой Монти 160,0
Диван Лайтси Velvet Yellow,0
Кушетка Динс Sherst Grey,0
Модульный диван Монреаль-1 Zamsha Grey,0
Модульный диван Риббл-1 Bucle White,0
Диван угловой Джоин Velvet Grey,0
Диван Лоелс Happy Grey,0
Диван угловой Дарол Gene Grafit,0
Диван угловой Медиус Black,0
Диван Масио Velvet Grey,0
Диван Кела Мини Velvet Yellow,0
Диван Дублин Happy Ocean,0
Диван Ганновер Light,0
Диван Спейс Soft Grey,0
Диван Эрвика Velvet Atlantic,0
Диван Эвора 129,0
Диван угловой Манхэттен Velvet Black,0
Диван угловой Инарт Happy Grey,0
Диван Офра Happy Deep Ocean,0
Диван угловой Медиус White,0
Диван Фолс Velvet Coral,0
Диван Эби Buffalo Brown,0
Диван Нодис Happy Grafit,0
Кушетка Динс Textile Light,0
Модульный диван Полан-5 Velvet Green,0
Диван Слипсон Chess Black,0
Диван Лекстон Velvet Latte,0
Диван Остин 160 Velvet Brown,0
Диван Мисл Barhat Light,0
Модульный диван Крокус-2 White,0
Модульный диван Риббл-4 Bucle White,0
Модульный диван Крокус-1 White,0
Диван угловой Эби-1 Happy Ocean,0
Кушетка Мона Barhat Olive,0
Диван Белисса Velvet Grey,0
Диван угловой Слипсон Happy Light,0
Модульный диван Монреаль-3 Премиум Barhat Grey,0
Диван Стаус Velvet Grafit,0
Диван Дания-2 Barhat Rain,0
Диван Лофт Buffalo Brown,0
Диван Гритон Мини Textile Ocean,0
Диван Вилс Black,0
Диван Шери Happy Yellow,0
Диван Осло-2 Black,0
Диван Эдрил Barhat Mint,0
Диван Напа Velvet Mustard,0
Модульный диван Монреаль-3 Палермо Mustard,0
Модульный диван Риббл-1 Bucle Violet,0
Диван Честер-2 Barhat Salmon,0
Диван угловой Аиленд Soft Grey,0
Модульный диван Этен 4 Vertical Light,0
Диван Порту Textile Blue,0
Модульный диван Полан-3 Velvet Coral,0
Диван Лени Velvet Latte,0
Диван Самми Barhat Amber,0
Диван Реджио Soft Ocean,0
Кушетка Летто Textile Coral,0
Кушетка Балтик Textile Yellow,0
Диван Менли Velvet Light,0
Диван Марси Velvet Navy Blue,0
Диван Хевит Barhat Yellow,0
Диван Флори Textile Beige,0
Диван Лофт Gene Grafit,0
Модульный диван Динс-2 Velvet Yellow,0
Диван угловой Аиленд Soft Olive,0
Кушетка Летто Textile Grey,0
Диван угловой Онте Bucle Grafit,0
Диван Дисент Bucle White,0
Диван угловой Лориш Yellow,0
Диван Ридан Barhat Beige,0
Модульный диван Монреаль-2 Премиум Barhat Grey,0
Диван Шери Happy Ocean,0
Диван Вилс Lime,0
Кушетка Балтик Textile Coral,0
Диван Марси Velvet Milk,0
Диван угловой Монсо Happy Ocean,0
Диван Лилле Velvet Light,0
Диван Монреаль Премиум Barhat Blue,0
Диван Слипсон Мини Time Grey,0
Диван угловой Амрано Velvet Pink,0
Диван Роттердам Cozy White,0
Диван Верона Barhat Mint,0
Диван Роден-3 Beige,0
Диван Рон Textile Ocean,0
Диван Марси Velvet Grafit,0
Диван Стаус Velvet Yellow,0
Диван угловой Динс Textile Ocean,0
Модульный диван Риббл-4 Bucle Violet,0
Диван угловой Мурано Velvet Grafit,0
Диван Джуна Velvet Ocean,0
Диван Динс Мини Velvet Beige,0
Диван Менли Velvet Grey,0
Диван Мурано Velvet Grafit,0
Модульный диван Динс-2 Textile Blue,0
Диван Ольен Мини Happy Bear,0
Диван Динен Velvet Olive,0
Диван Дублин Happy Yellow,0
Диван Роттердам Velvet Yellow,0
Диван Дель Velvet Grey,0
Диван Монти 156,0
Диван Мона Barhat Salmon,0
Модульный диван Динс Textile Ocean,0
Диван Старк Velvet Brown,0
Диван Эби Happy Ocean,0
Модульный диван Полан-2 Velvet Beige,0
Диван Стаус Velvet Emerald,0
Диван Эби Мини Time Light,0
Диван угловой Мисл-1 Barhat Gold,0
Диван угловой Ротшильд Nero,0
Модульный диван Монреаль-1 Премиум Barhat Blue,0
Диван Марси Textile Sky,0
Диван Льери Barhat Emerald,0
Диван Аруби Velvet Emerald,0
Диван Шенто Gene Forest,0
Диван Джуна Velvet Milk,0
Диван угловой Монсо Happy Grey,0
Диван Спейс Soft Beige,0
Кушетка Манс Barhat Beige,0
Диван угловой Мидгард Textile Ocean,0
Диван угловой Напа Velvet Silver,0
Диван Самми Barhat Grey,0
Диван Сан-Паулу Velvet Yellow,0
Диван Байвин Soft Ocean,0
Диван угловой Манхэттен Velvet Milk,0
Диван Ридан Barhat Rose,0
Диван Артилс Velvet Latte,0
Диван Аруби Velvet Beige,0
Диван Кайли Velvet Coral,0
Диван угловой Байвин-2 Soft Navy Blue,0
Диван Флори Textile Yellow,0
Модульный диван Полан-2 Velvet Mint,0
Модульный диван Полан-3 Velvet Provance,0
Кушетка Ситено Barhat Grey,0
Диван Ольен Мини Happy Yellow,0
Диван угловой Монсо Happy Latte,0
Диван Роттердам Barhat Mint,0
Диван Ларонсо Velvet Grey,0
Диван угловой Дисент-2 Land Forest,0
Кушетка Астер-3 Textile Grey,0
Диван Карлос-2 Brown,0
Диван Эби Мини Time Yellow,0
Диван Гритон Мини Textile Yellow,0
Модульный диван Полан-2 Velvet Provance,0
Диван Дара Happy Latte,0
Диван угловой Манхэттен Velvet Latte,0
Диван угловой Астер Textile Latte,0
Диван угловой Дисент-2 Velvet Stone,0
Кушетка Норфолк Time Navy Blue,0
Диван Сите-3 Barhat Salmon,0
Диван угловой Санту-2 Textile Yellow,0
Диван Марси Chess Black,0
Диван Иноле Soft Ocean,0
Диван угловой Нумо Time Blue,0
Диван Каир Textile Latte,0
Диван Данста Velvet Grafit,0
Диван угловой Динс Velvet Grey,0
Диван угловой Ситено Barhat Amber,0
Диван Шарп Velvet Light,0
Диван Эннис Textile Cream,0
Диван Стаус Velvet Mint,0
Кушетка Астер Textile Latte,0
Диван угловой Спейс-1 Soft Yellow,0
Диван угловой Виена Velvet Emerald,0
Диван угловой Менли Velvet Yellow,0
Диван Велайт Velvet Grey,0
Диван Марси Velvet Olive,0
Диван Джуна Velvet Pink,0
Диван угловой Сваут Barhat Blue,0
Диван угловой Ситено Barhat Gold,0
Диван Эби Мини Linia Ginger,0
Диван угловой Манхэттен Textile Grey,0
Диван Лориш Deep Blue,0
Диван Ксанти Happy Grey,0
Диван Ольен Bucle Milk,0
Диван Торонто 160 Velvet Grey,0
Диван угловой Мидгард Textile Grafit,0
Диван Эннис Textile Grafit,0
Диван Бастон-3 Red,0
Диван Медиус-3 Black,0
Диван Шенто Barhat Beige,0
Диван Нумо Sherst Blue,0
Диван Остин Velvet Blue,0
Диван Арил Velvet Black,0
Кушетка Астер-3 Textile Lime,0
Диван угловой Эби-1 Happy Yellow,0
Диван Эрвика Velvet Light,0
Диван Слипсон Мини Happy Light,0
Диван Лилле Velvet Stone,0
Модульный диван Динс-2 Sherst Blue,0
Диван Динен Time Blue,0
Модульный диван Крокус-2 Black,0
Модульный диван Лео-1 Textile Beige,0
Модульный диван Нолан-B Textile Yellow,0
Модульный диван Нолан-B 1 Textile Yellow,0
Модульный диван Нолан-B 2 Textile Yellow,0
Модульный диван Нолан-W Textile Orange,0
Модульный диван Нолан-W 1 Textile Orange,0
Модульный диван Мидеро Textile Milk,0
Модульный диван Мидеро-1 Textile Milk,0
Модульный диван Мидеро-2 Textile Milk,0
Модульный диван Тэо Textile Milk,0
